<?xml version="1.0" encoding="UTF-8"?>
<!-- edited with XML Spy v4.4 U (http://www.xmlspy.com) by Larraitz Eizmendi (Indra) -->
<vdex orderSignificant="true" profileType="hierarchicalTokenTerms" language="va" xsi:schemaLocation="http://www.imsglobal.org/xsd/imsvdexv1p0 imsvdex_v1p0.xsd" xmlns="http://www.imsglobal.org/xsd/imsvdex_v1p0" xmlns:xsi="http://www.w3.org/2001/XMLSchema-instance">
	<vocabName>
		<langstring>Nivell Educatiu</langstring>
	</vocabName>
	<term>
		<termIdentifier>1</termIdentifier>
		<caption>
			<langstring>Educació Especial</langstring>
		</caption>
		<term>
			<termIdentifier>1.1</termIdentifier>
			<caption>
				<langstring>Educació Infantil</langstring>
			</caption>
		</term>
		<term>
			<termIdentifier>1.2</termIdentifier>
			<caption>
				<langstring>Educació Primària</langstring>
			</caption>
		</term>
		<term>
			<termIdentifier>1.3</termIdentifier>
			<caption>
				<langstring>Educació Secundària Obligatòria</langstring>
			</caption>
		</term>
	</term>
	<term>
		<termIdentifier>2</termIdentifier>
		<caption>
			<langstring>Educació Infantil</langstring>
		</caption>
		<term>
			<termIdentifier>2.1</termIdentifier>
			<caption>
				<langstring>Primer cicle</langstring>
			</caption>
			<term>
				<termIdentifier>2.1.1</termIdentifier>
				<caption>
					<langstring>0 anys</langstring>
				</caption>
			</term>
			<term>
				<termIdentifier>2.1.2</termIdentifier>
				<caption>
					<langstring>1 any</langstring>
				</caption>
			</term>
			<term>
				<termIdentifier>2.1.3</termIdentifier>
				<caption>
					<langstring>2 anys</langstring>
				</caption>
			</term>
		</term>
		<term>
			<termIdentifier>2.2</termIdentifier>
			<caption>
				<langstring>Segon cicle</langstring>
			</caption>
			<term>
				<termIdentifier>2.2.1</termIdentifier>
				<caption>
					<langstring>3 anys</langstring>
				</caption>
			</term>
			<term>
				<termIdentifier>2.2.2</termIdentifier>
				<caption>
					<langstring>4 anys</langstring>
				</caption>
			</term>
			<term>
				<termIdentifier>2.2.3</termIdentifier>
				<caption>
					<langstring>5 anys</langstring>
				</caption>
			</term>
		</term>
	</term>
	<term>
		<termIdentifier>3</termIdentifier>
		<caption>
			<langstring>Educació Primària</langstring>
		</caption>
		<term>
			<termIdentifier>3.1</termIdentifier>
			<caption>
				<langstring>Primer cicle</langstring>
			</caption>
			<term>
				<termIdentifier>3.1.1</termIdentifier>
				<caption>
					<langstring>Primer curs</langstring>
				</caption>
			</term>
			<term>
				<termIdentifier>3.1.2</termIdentifier>
				<caption>
					<langstring>Segon curs</langstring>
				</caption>
			</term>
		</term>
		<term>
			<termIdentifier>3.2</termIdentifier>
			<caption>
				<langstring>Segon cicle</langstring>
			</caption>
			<term>
				<termIdentifier>3.2.1</termIdentifier>
				<caption>
					<langstring>Tercer curs</langstring>
				</caption>
			</term>
			<term>
				<termIdentifier>3.2.2</termIdentifier>
				<caption>
					<langstring>Quart curs</langstring>
				</caption>
			</term>
		</term>
		<term>
			<termIdentifier>3.3</termIdentifier>
			<caption>
				<langstring>Tercer cicle</langstring>
			</caption>
			<term>
				<termIdentifier>3.3.1</termIdentifier>
				<caption>
					<langstring>Quint curs</langstring>
				</caption>
			</term>
			<term>
				<termIdentifier>3.3.2</termIdentifier>
				<caption>
					<langstring>Sext curs</langstring>
				</caption>
			</term>
		</term>
	</term>
	<term>
		<termIdentifier>4</termIdentifier>
		<caption>
			<langstring>Educació Secundària Obligatòria</langstring>
		</caption>
		<term>
			<termIdentifier>4.1</termIdentifier>
			<caption>
				<langstring>Primer curs</langstring>
			</caption>
		</term>
		<term>
			<termIdentifier>4.2</termIdentifier>
			<caption>
				<langstring>Segon curs</langstring>
			</caption>
		</term>
		<term>
			<termIdentifier>4.3</termIdentifier>
			<caption>
				<langstring>Tercer curs</langstring>
			</caption>
		</term>
		<term>
			<termIdentifier>4.4</termIdentifier>
			<caption>
				<langstring>Quart curs</langstring>
			</caption>
		</term>
		<term>
			<termIdentifier>4.5</termIdentifier>
			<caption>
				<langstring>Diversificació curricular</langstring>
			</caption>
		</term>
	</term>
	<term>
		<termIdentifier>5</termIdentifier>
		<caption>
			<langstring>Ensenyança Compensatòria</langstring>
		</caption>
		<term>
			<termIdentifier>5.1</termIdentifier>
			<caption>
				<langstring>Aules d’enllaç</langstring>
			</caption>
		</term>
		<term>
			<termIdentifier>5.2</termIdentifier>
			<caption>
				<langstring>Aules d’acolliment</langstring>
			</caption>
		</term>
		<term>
			<termIdentifier>5.3</termIdentifier>
			<caption>
				<langstring>Aules hospitalàries</langstring>
			</caption>
		</term>
	</term>
	<term>
		<termIdentifier>6</termIdentifier>
		<caption>
			<langstring>Batxillerat</langstring>
		</caption>
	</term>
	<term>
		<termIdentifier>7</termIdentifier>
		<caption>
			<langstring>Programes de Qualificació Professional Inicial</langstring>
		</caption>
		<term>
			<termIdentifier>7.1</termIdentifier>
			<caption>
				<langstring>Iniciació professional</langstring>
			</caption>
		</term>
		<term>
			<termIdentifier>7.2</termIdentifier>
			<caption>
				<langstring>Formació ocupació</langstring>
			</caption>
		</term>
		<term>
			<termIdentifier>7.3</termIdentifier>
			<caption>
				<langstring>Tallers professionals</langstring>
			</caption>
		</term>
		<term>
			<termIdentifier>7.4</termIdentifier>
			<caption>
				<langstring>Iniciació professional especial</langstring>
			</caption>
		</term>
		<term>
			<termIdentifier>7.5</termIdentifier>
			<caption>
				<langstring>Preparació accés grau mitjà FP</langstring>
			</caption>
		</term>
		<term>
			<termIdentifier>7.6</termIdentifier>
			<caption>
				<langstring>Preparació accés grau superior FP</langstring>
			</caption>
		</term>
	</term>
	<term>
		<termIdentifier>8</termIdentifier>
		<caption>
			<langstring>Formació Professional</langstring>
		</caption>
		<term>
			<termIdentifier>8.1</termIdentifier>
			<caption>
				<langstring>Cicle formatiu grau mitjà</langstring>
			</caption>
		</term>
		<term>
			<termIdentifier>8.2</termIdentifier>
			<caption>
				<langstring>Cicle formatiu grau superior</langstring>
			</caption>
		</term>
	</term>
	<term>
		<termIdentifier>9</termIdentifier>
		<caption>
			<langstring>Educació de Persones Adultes</langstring>
		</caption>
		<term>
			<termIdentifier>9.1</termIdentifier>
			<caption>
				<langstring>Ensenyança bàsica per a persones adultes</langstring>
			</caption>
			<term>
				<termIdentifier>9.1.1</termIdentifier>
				<caption>
					<langstring>Alfabetització</langstring>
				</caption>
			</term>
			<term>
				<termIdentifier>9.1.2</termIdentifier>
				<caption>
					<langstring>Consolidació de coneixements i tècniques instrumentals</langstring>
				</caption>
			</term>
		</term>
		<term>
			<termIdentifier>9.2</termIdentifier>
			<caption>
				<langstring>ESPA</langstring>
			</caption>
			<term>
				<termIdentifier>9.2.1</termIdentifier>
				<caption>
					<langstring>Nivell 1</langstring>
				</caption>
			</term>
			<term>
				<termIdentifier>9.2.2</termIdentifier>
				<caption>
					<langstring>Nivell 2</langstring>
				</caption>
			</term>
		</term>
		<term>
			<termIdentifier>9.3</termIdentifier>
			<caption>
				<langstring>ESPAD</langstring>
			</caption>
			<term>
				<termIdentifier>9.3.1</termIdentifier>
				<caption>
					<langstring>Nivell 1</langstring>
				</caption>
			</term>
			<term>
				<termIdentifier>9.3.2</termIdentifier>
				<caption>
					<langstring>Nivell 2</langstring>
				</caption>
			</term>
		</term>
		<term>
			<termIdentifier>9.4</termIdentifier>
			<caption>
				<langstring>Proves lliures títol general ESO</langstring>
			</caption>
		</term>
		<term>
			<termIdentifier>9.5</termIdentifier>
			<caption>
				<langstring>Proves lliures batxillerat</langstring>
			</caption>
		</term>
		<term>
			<termIdentifier>9.6</termIdentifier>
			<caption>
				<langstring>Proves lliures tècnic</langstring>
			</caption>
		</term>
		<term>
			<termIdentifier>9.7</termIdentifier>
			<caption>
				<langstring>Proves lliures tècnic superior</langstring>
			</caption>
		</term>
		<term>
			<termIdentifier>9.8</termIdentifier>
			<caption>
				<langstring>Inserció o actualització laboral i professional</langstring>
			</caption>
		</term>
		<term>
			<termIdentifier>9.9</termIdentifier>
			<caption>
				<langstring>Alfabetització en llengua castellana (espanyol per a immigrants)</langstring>
			</caption>
		</term>
		<term>
			<termIdentifier>9.10</termIdentifier>
			<caption>
				<langstring>Formació per al desenvolupament personal</langstring>
			</caption>
		</term>
		<term>
			<termIdentifier>9.11</termIdentifier>
			<caption>
				<langstring>Batxillerat adults i distància</langstring>
			</caption>
		</term>
		<term>
			<termIdentifier>9.12</termIdentifier>
			<caption>
				<langstring>Thast´s English. Ensenyança oficial d’idiomes</langstring>
			</caption>
			<term>
				<termIdentifier>9.12.1</termIdentifier>
				<caption>
					<langstring>Mòdul 1</langstring>
				</caption>
			</term>
			<term>
				<termIdentifier>9.12.2</termIdentifier>
				<caption>
					<langstring>Mòdul 2</langstring>
				</caption>
			</term>
			<term>
				<termIdentifier>9.12.3</termIdentifier>
				<caption>
					<langstring>Mòdul 3</langstring>
				</caption>
			</term>
			<term>
				<termIdentifier>9.12.4</termIdentifier>
				<caption>
					<langstring>Mòdul 4</langstring>
				</caption>
			</term>
			<term>
				<termIdentifier>9.12.5</termIdentifier>
				<caption>
					<langstring>Mòdul 5</langstring>
				</caption>
			</term>
			<term>
				<termIdentifier>9.12.6</termIdentifier>
				<caption>
					<langstring>Mòdul 6</langstring>
				</caption>
			</term>
			<term>
				<termIdentifier>9.12.7</termIdentifier>
				<caption>
					<langstring>Mòdul 7</langstring>
				</caption>
			</term>
			<term>
				<termIdentifier>9.12.8</termIdentifier>
				<caption>
					<langstring>Mòdul 8</langstring>
				</caption>
			</term>
			<term>
				<termIdentifier>9.12.9</termIdentifier>
				<caption>
					<langstring>Mòdul 9</langstring>
				</caption>
			</term>
		</term>
		<term>
			<termIdentifier>9.13</termIdentifier>
			<caption>
				<langstring>Cicle formatiu grau mitjà a distància</langstring>
			</caption>
			<term>
				<termIdentifier>9.13.1</termIdentifier>
				<caption>
					<langstring>Primer curs</langstring>
				</caption>
			</term>
			<term>
				<termIdentifier>9.13.2</termIdentifier>
				<caption>
					<langstring>Segon curs</langstring>
				</caption>
			</term>
		</term>
		<term>
			<termIdentifier>9.14</termIdentifier>
			<caption>
				<langstring>Cicle formatiu grau superior a distància</langstring>
			</caption>
			<term>
				<termIdentifier>9.14.1</termIdentifier>
				<caption>
					<langstring>Primer curs</langstring>
				</caption>
			</term>
			<term>
				<termIdentifier>9.14.2</termIdentifier>
				<caption>
					<langstring>Segon curs</langstring>
				</caption>
			</term>
		</term>
		<term>
			<termIdentifier>9.15</termIdentifier>
			<caption>
				<langstring>Aules MENTOR</langstring>
			</caption>
		</term>
	</term>
	<term>
		<termIdentifier>10</termIdentifier>
		<caption>
			<langstring>Ensenyances de Règim Especial</langstring>
		</caption>
		<term>
			<termIdentifier>10.1</termIdentifier>
			<caption>
				<langstring>Escola oficial d’idiomes</langstring>
			</caption>
			<term>
				<termIdentifier>10.1.1</termIdentifier>
				<caption>
					<langstring>Nivell bàsic</langstring>
				</caption>
				<term>
					<termIdentifier>10.1.1.1</termIdentifier>
					<caption>
						<langstring>Primer curs</langstring>
					</caption>
				</term>
				<term>
					<termIdentifier>10.1.1.2</termIdentifier>
					<caption>
						<langstring>Segon curs</langstring>
					</caption>
				</term>
			</term>
			<term>
				<termIdentifier>10.1.2</termIdentifier>
				<caption>
					<langstring>Nivell mitjà</langstring>
				</caption>
				<term>
					<termIdentifier>10.1.2.1</termIdentifier>
					<caption>
						<langstring>Tercer curs</langstring>
					</caption>
				</term>
				<term>
					<termIdentifier>10.1.2.2</termIdentifier>
					<caption>
						<langstring>Quart curs</langstring>
					</caption>
				</term>
			</term>
			<term>
				<termIdentifier>10.1.3</termIdentifier>
				<caption>
					<langstring>Nivell avançat</langstring>
				</caption>
				<term>
					<termIdentifier>10.1.3.1</termIdentifier>
					<caption>
						<langstring>Quint curs</langstring>
					</caption>
				</term>
				<term>
					<termIdentifier>10.1.3.2</termIdentifier>
					<caption>
						<langstring>Sext curs</langstring>
					</caption>
				</term>
			</term>
		</term>
		<term>
			<termIdentifier>10.2</termIdentifier>
			<caption>
				<langstring>Ensenyances artístiques</langstring>
			</caption>
			<term>
				<termIdentifier>10.2.1</termIdentifier>
				<caption>
					<langstring>Ensenyances d’arts plàstiques i disseny</langstring>
				</caption>
				<term>
					<termIdentifier>10.2.1.1</termIdentifier>
					<caption>
						<langstring>Cicle formatiu de grau mitjà</langstring>
					</caption>
					<term>
						<termIdentifier>10.2.1.1.1</termIdentifier>
						<caption>
							<langstring>Primer curs</langstring>
						</caption>
					</term>
					<term>
						<termIdentifier>10.2.1.1.2</termIdentifier>
						<caption>
							<langstring>Segon curs</langstring>
						</caption>
					</term>
				</term>
				<term>
					<termIdentifier>10.2.1.2</termIdentifier>
					<caption>
						<langstring>Cicle formatiu de grau superior</langstring>
					</caption>
					<term>
						<termIdentifier>10.2.1.2.1</termIdentifier>
						<caption>
							<langstring>Primer curs</langstring>
						</caption>
					</term>
					<term>
						<termIdentifier>10.2.1.2.2</termIdentifier>
						<caption>
							<langstring>Segon curs</langstring>
						</caption>
					</term>
				</term>
			</term>
			<term>
				<termIdentifier>10.2.2</termIdentifier>
				<caption>
					<langstring>Estudis superiors d’arts plàstiques i disseny</langstring>
				</caption>
				<term>
					<termIdentifier>10.2.2.1</termIdentifier>
					<caption>
						<langstring>Primer curs</langstring>
					</caption>
				</term>
				<term>
					<termIdentifier>10.2.2.2</termIdentifier>
					<caption>
						<langstring>Segon curs</langstring>
					</caption>
				</term>
				<term>
					<termIdentifier>10.2.2.3</termIdentifier>
					<caption>
						<langstring>Tercer curs</langstring>
					</caption>
				</term>
			</term>
			<term>
				<termIdentifier>10.2.3</termIdentifier>
				<caption>
					<langstring>Ensenyances de música</langstring>
				</caption>
				<term>
					<termIdentifier>10.2.3.1</termIdentifier>
					<caption>
						<langstring>Grau elemental</langstring>
					</caption>
					<term>
						<termIdentifier>10.2.3.1.1</termIdentifier>
						<caption>
							<langstring>Primer curs</langstring>
						</caption>
					</term>
					<term>
						<termIdentifier>10.2.3.1.2</termIdentifier>
						<caption>
							<langstring>Segon curs</langstring>
						</caption>
					</term>
					<term>
						<termIdentifier>10.2.3.1.3</termIdentifier>
						<caption>
							<langstring>Tercer curs</langstring>
						</caption>
					</term>
					<term>
						<termIdentifier>10.2.3.1.4</termIdentifier>
						<caption>
							<langstring>Quart curs</langstring>
						</caption>
					</term>
				</term>
				<term>
					<termIdentifier>10.2.3.2</termIdentifier>
					<caption>
						<langstring>Grau mitjà</langstring>
					</caption>
					<term>
						<termIdentifier>10.2.3.2.1</termIdentifier>
						<caption>
							<langstring>Primer cicle</langstring>
						</caption>
						<term>
							<termIdentifier>10.2.3.2.1.1</termIdentifier>
							<caption>
								<langstring>Primer curs</langstring>
							</caption>
						</term>
						<term>
							<termIdentifier>10.2.3.2.1.2</termIdentifier>
							<caption>
								<langstring>Segon curs</langstring>
							</caption>
						</term>
					</term>
					<term>
						<termIdentifier>10.2.3.2.2</termIdentifier>
						<caption>
							<langstring>Segon cicle</langstring>
						</caption>
						<term>
							<termIdentifier>10.2.3.2.2.1</termIdentifier>
							<caption>
								<langstring>Tercer curs</langstring>
							</caption>
						</term>
						<term>
							<termIdentifier>10.2.3.2.2.2</termIdentifier>
							<caption>
								<langstring>Quart curs</langstring>
							</caption>
						</term>
					</term>
					<term>
						<termIdentifier>10.2.3.2.3</termIdentifier>
						<caption>
							<langstring>Tercer cicle</langstring>
						</caption>
						<term>
							<termIdentifier>10.2.3.2.3.1</termIdentifier>
							<caption>
								<langstring>Quint curs</langstring>
							</caption>
						</term>
						<term>
							<termIdentifier>10.2.3.2.3.2</termIdentifier>
							<caption>
								<langstring>Sext curs</langstring>
							</caption>
						</term>
					</term>
				</term>
				<term>
					<termIdentifier>10.2.3.3</termIdentifier>
					<caption>
						<langstring>Grau superior</langstring>
					</caption>
					<term>
						<termIdentifier>10.2.3.3.1</termIdentifier>
						<caption>
							<langstring>Primer curs</langstring>
						</caption>
					</term>
					<term>
						<termIdentifier>10.2.3.3.2</termIdentifier>
						<caption>
							<langstring>Segon curs</langstring>
						</caption>
					</term>
					<term>
						<termIdentifier>10.2.3.3.3</termIdentifier>
						<caption>
							<langstring>Tercer curs</langstring>
						</caption>
					</term>
					<term>
						<termIdentifier>10.2.3.3.4</termIdentifier>
						<caption>
							<langstring>Quart curs</langstring>
						</caption>
					</term>
					<term>
						<termIdentifier>10.2.3.3.5</termIdentifier>
						<caption>
							<langstring>Quint curs</langstring>
						</caption>
					</term>
				</term>
			</term>
			<term>
				<termIdentifier>10.2.4</termIdentifier>
				<caption>
					<langstring>Ensenyances de dansa</langstring>
				</caption>
				<term>
					<termIdentifier>10.2.4.1</termIdentifier>
					<caption>
						<langstring>Grau elemental</langstring>
					</caption>
					<term>
						<termIdentifier>10.2.4.1.1</termIdentifier>
						<caption>
							<langstring>Primer curs</langstring>
						</caption>
					</term>
					<term>
						<termIdentifier>10.2.4.1.2</termIdentifier>
						<caption>
							<langstring>Segon curs</langstring>
						</caption>
					</term>
					<term>
						<termIdentifier>10.2.4.1.3</termIdentifier>
						<caption>
							<langstring>Tercer curs</langstring>
						</caption>
					</term>
					<term>
						<termIdentifier>10.2.4.1.4</termIdentifier>
						<caption>
							<langstring>Quart curs</langstring>
						</caption>
					</term>
				</term>
				<term>
					<termIdentifier>10.2.4.2</termIdentifier>
					<caption>
						<langstring>Grau mitjà</langstring>
					</caption>
					<term>
						<termIdentifier>10.2.4.2.1</termIdentifier>
						<caption>
							<langstring>Primer cicle</langstring>
						</caption>
						<term>
							<termIdentifier>10.2.4.2.1.1</termIdentifier>
							<caption>
								<langstring>Primer curs</langstring>
							</caption>
						</term>
						<term>
							<termIdentifier>10.2.4.2.1.2</termIdentifier>
							<caption>
								<langstring>Segon curs</langstring>
							</caption>
						</term>
					</term>
					<term>
						<termIdentifier>10.2.4.2.2</termIdentifier>
						<caption>
							<langstring>Segon cicle</langstring>
						</caption>
						<term>
							<termIdentifier>10.2.4.2.2.1</termIdentifier>
							<caption>
								<langstring>Tercer curs</langstring>
							</caption>
						</term>
						<term>
							<termIdentifier>10.2.4.2.2.2</termIdentifier>
							<caption>
								<langstring>Quart curs</langstring>
							</caption>
						</term>
					</term>
					<term>
						<termIdentifier>10.2.4.2.3</termIdentifier>
						<caption>
							<langstring>Tercer cicle</langstring>
						</caption>
						<term>
							<termIdentifier>10.2.4.2.3.1</termIdentifier>
							<caption>
								<langstring>Quint curs</langstring>
							</caption>
						</term>
						<term>
							<termIdentifier>10.2.4.2.3.2</termIdentifier>
							<caption>
								<langstring>Sext curs</langstring>
							</caption>
						</term>
					</term>
				</term>
				<term>
					<termIdentifier>10.2.4.3</termIdentifier>
					<caption>
						<langstring>Grau superior</langstring>
					</caption>
					<term>
						<termIdentifier>10.2.4.3.1</termIdentifier>
						<caption>
							<langstring>Primer curs</langstring>
						</caption>
					</term>
					<term>
						<termIdentifier>10.2.4.3.2</termIdentifier>
						<caption>
							<langstring>Segon curs</langstring>
						</caption>
					</term>
					<term>
						<termIdentifier>10.2.4.3.3</termIdentifier>
						<caption>
							<langstring>Tercer curs</langstring>
						</caption>
					</term>
					<term>
						<termIdentifier>10.2.4.3.4</termIdentifier>
						<caption>
							<langstring>Quart curs</langstring>
						</caption>
					</term>
				</term>
			</term>
			<term>
				<termIdentifier>10.2.5</termIdentifier>
				<caption>
					<langstring>Ensenyances d’art dramàtic</langstring>
				</caption>
				<term>
					<termIdentifier>10.2.5.1</termIdentifier>
					<caption>
						<langstring>Grau superior</langstring>
					</caption>
					<term>
						<termIdentifier>10.2.5.1.1</termIdentifier>
						<caption>
							<langstring>Primer curs</langstring>
						</caption>
					</term>
					<term>
						<termIdentifier>10.2.5.1.2</termIdentifier>
						<caption>
							<langstring>Segon curs</langstring>
						</caption>
					</term>
					<term>
						<termIdentifier>10.2.5.1.3</termIdentifier>
						<caption>
							<langstring>Tercer curs</langstring>
						</caption>
					</term>
					<term>
						<termIdentifier>10.2.5.1.4</termIdentifier>
						<caption>
							<langstring>Quart curs</langstring>
						</caption>
					</term>
				</term>
			</term>
		</term>
		<term>
			<termIdentifier>10.3</termIdentifier>
			<caption>
				<langstring>Ensenyances esportives</langstring>
			</caption>
			<term>
				<termIdentifier>10.3.1</termIdentifier>
				<caption>
					<langstring>Grau mitjà tècnic esportiu</langstring>
				</caption>
			</term>
			<term>
				<termIdentifier>10.3.2</termIdentifier>
				<caption>
					<langstring>Grau superior tècnic esportiu</langstring>
				</caption>
			</term>
		</term>
	</term>
	<term>
		<termIdentifier>11</termIdentifier>
		<caption>
			<langstring>Ensenyances Universitàries</langstring>
		</caption>
	</term>
	<term>
		<termIdentifier>12</termIdentifier>
		<caption>
			<langstring>Programes Educatius Específics</langstring>
		</caption>
	</term>
</vdex>
