<?xml version="1.0" encoding="UTF-8"?>
<!-- edited with XML Spy v4.4 U (http://www.xmlspy.com) by Larraitz Eizmendi (Indra) -->
<vdex orderSignificant="true" profileType="hierarchicalTokenTerms" language="en" xsi:schemaLocation="http://www.imsglobal.org/xsd/imsvdexv1p0 imsvdex_v1p0.xsd" xmlns="http://www.imsglobal.org/xsd/imsvdex_v1p0" xmlns:xsi="http://www.w3.org/2001/XMLSchema-instance">
	<vocabName>
		<langstring>Competence</langstring>
	</vocabName>
	<term>
		<termIdentifier>1</termIdentifier>
		<caption>
			<langstring>General and Personal Competences</langstring>
		</caption>
		<term>
			<termIdentifier>1.1</termIdentifier>
			<caption>
				<langstring>Positive attitude to change</langstring>
			</caption>
		</term>
		<term>
			<termIdentifier>1.2</termIdentifier>
			<caption>
				<langstring>Affectivity</langstring>
			</caption>
		</term>
		<term>
			<termIdentifier>1.3</termIdentifier>
			<caption>
				<langstring>Self-learning during lifetime</langstring>
			</caption>
		</term>
		<term>
			<termIdentifier>1.4</termIdentifier>
			<caption>
				<langstring>Self-esteem</langstring>
			</caption>
		</term>
		<term>
			<termIdentifier>1.5</termIdentifier>
			<caption>
				<langstring>Self-reflection and self-assessment</langstring>
			</caption>
		</term>
		<term>
			<termIdentifier>1.6</termIdentifier>
			<caption>
				<langstring>Job search</langstring>
			</caption>
		</term>
		<term>
			<termIdentifier>1.7</termIdentifier>
			<caption>
				<langstring>Relevant information search</langstring>
			</caption>
		</term>
		<term>
			<termIdentifier>1.8</termIdentifier>
			<caption>
				<langstring>Communication in mother tongue (listening, speaking, reading and writing)</langstring>
			</caption>
		</term>
		<term>
			<termIdentifier>1.9</termIdentifier>
			<caption>
				<langstring>Knowledge of nature’s basic principles</langstring>
			</caption>
		</term>
		<term>
			<termIdentifier>1.10</termIdentifier>
			<caption>
				<langstring>Knowledge and esteem for culture and languages of different regions</langstring>
			</caption>
		</term>
		<term>
			<termIdentifier>1.11</termIdentifier>
			<caption>
				<langstring>Sports knowledge and practice</langstring>
			</caption>
		</term>
		<term>
			<termIdentifier>1.12</termIdentifier>
			<caption>
				<langstring>Company spirit</langstring>
			</caption>
		</term>
		<term>
			<termIdentifier>1.13</termIdentifier>
			<caption>
				<langstring>Basic expression and understanding of foreign language</langstring>
			</caption>
		</term>
		<term>
			<termIdentifier>1.14</termIdentifier>
			<caption>
				<langstring>Formulation of relevant questions</langstring>
			</caption>
		</term>
		<term>
			<termIdentifier>1.15</termIdentifier>
			<caption>
				<langstring>Honesty and personal ethics</langstring>
			</caption>
		</term>
		<term>
			<termIdentifier>1.16</termIdentifier>
			<caption>
				<langstring>Personal initiative</langstring>
			</caption>
		</term>
		<term>
			<termIdentifier>1.17</termIdentifier>
			<caption>
				<langstring>Interest for cultural expression (literature, music, scenic and plastic arts)</langstring>
			</caption>
		</term>
		<term>
			<termIdentifier>1.18</termIdentifier>
			<caption>
				<langstring>Invention and creation</langstring>
			</caption>
		</term>
		<term>
			<termIdentifier>1.19</termIdentifier>
			<caption>
				<langstring>Intrinsic motivation</langstring>
			</caption>
		</term>
		<term>
			<termIdentifier>1.20</termIdentifier>
			<caption>
				<langstring>Critical thinking</langstring>
			</caption>
		</term>
		<term>
			<termIdentifier>1.21</termIdentifier>
			<caption>
				<langstring>Perseverance</langstring>
			</caption>
		</term>
		<term>
			<termIdentifier>1.22</termIdentifier>
			<caption>
				<langstring>Planning and management of own resources (time, money...)</langstring>
			</caption>
		</term>
		<term>
			<termIdentifier>1.23</termIdentifier>
			<caption>
				<langstring>Making of solid opinions</langstring>
			</caption>
		</term>
		<term>
			<termIdentifier>1.24</termIdentifier>
			<caption>
				<langstring>Acknowledgement and respect to individual differences</langstring>
			</caption>
		</term>
		<term>
			<termIdentifier>1.25</termIdentifier>
			<caption>
				<langstring>Resistance to ambiguity</langstring>
			</caption>
		</term>
		<term>
			<termIdentifier>1.26</termIdentifier>
			<caption>
				<langstring>Resistance to failure</langstring>
			</caption>
		</term>
		<term>
			<termIdentifier>1.27</termIdentifier>
			<caption>
				<langstring>Responsibility</langstring>
			</caption>
		</term>
		<term>
			<termIdentifier>1.28</termIdentifier>
			<caption>
				<langstring>Trouble-solving</langstring>
			</caption>
		</term>
		<term>
			<termIdentifier>1.29</termIdentifier>
			<caption>
				<langstring>Efficient handling of information</langstring>
			</caption>
		</term>
		<term>
			<termIdentifier>1.30</termIdentifier>
			<caption>
				<langstring>Basic handling of TIC</langstring>
			</caption>
		</term>
	</term>
	<term>
		<termIdentifier>2</termIdentifier>
		<caption>
			<langstring>Educational competences</langstring>
		</caption>
		<term>
			<termIdentifier>2.1</termIdentifier>
			<caption>
				<langstring>Knowledge access and application from different disciplines (art, social sciences, philosophy, natural sciences...)</langstring>
			</caption>
		</term>
		<term>
			<termIdentifier>2.2</termIdentifier>
			<caption>
				<langstring>Data analysis</langstring>
			</caption>
		</term>
		<term>
			<termIdentifier>2.3</termIdentifier>
			<caption>
				<langstring>Learning to learn</langstring>
			</caption>
		</term>
		<term>
			<termIdentifier>2.4</termIdentifier>
			<caption>
				<langstring>Proper understanding in an specific discipline’s terms</langstring>
			</caption>
		</term>
		<term>
			<termIdentifier>2.5</termIdentifier>
			<caption>
				<langstring>Knowledge of scientific methodology</langstring>
			</caption>
		</term>
		<term>
			<termIdentifier>2.6</termIdentifier>
			<caption>
				<langstring>Knowledge of technological products and processes</langstring>
			</caption>
		</term>
		<term>
			<termIdentifier>2.7</termIdentifier>
			<caption>
				<langstring>Listening for understanding and learning </langstring>
			</caption>
		</term>
		<term>
			<termIdentifier>2.8</termIdentifier>
			<caption>
				<langstring>Assessment of situations</langstring>
			</caption>
		</term>
		<term>
			<termIdentifier>2.9</termIdentifier>
			<caption>
				<langstring>Proper expression in an specific discipline’s terms (oral and written)</langstring>
			</caption>
		</term>
		<term>
			<termIdentifier>2.10</termIdentifier>
			<caption>
				<langstring>Interpretation and used of different written material (graphics, diagrams, tables...)</langstring>
			</caption>
		</term>
		<term>
			<termIdentifier>2.11</termIdentifier>
			<caption>
				<langstring>Reading and writing basic operations</langstring>
			</caption>
		</term>
		<term>
			<termIdentifier>2.12</termIdentifier>
			<caption>
				<langstring>Logical and mathematical basic operations</langstring>
			</caption>
		</term>
		<term>
			<termIdentifier>2.13</termIdentifier>
			<caption>
				<langstring>Critical thinking</langstring>
			</caption>
		</term>
		<term>
			<termIdentifier>2.14</termIdentifier>
			<caption>
				<langstring>Efficient performance of written essays or conclusions</langstring>
			</caption>
		</term>
		<term>
			<termIdentifier>2.15</termIdentifier>
			<caption>
				<langstring>Efficient performance of oral essays or conclusions</langstring>
			</caption>
		</term>
		<term>
			<termIdentifier>2.16</termIdentifier>
			<caption>
				<langstring>Making of exact observations and researches</langstring>
			</caption>
		</term>
		<term>
			<termIdentifier>2.17</termIdentifier>
			<caption>
				<langstring>Solving of complex problems (closed and open)</langstring>
			</caption>
		</term>
		<term>
			<termIdentifier>2.18</termIdentifier>
			<caption>
				<langstring>Artistic sense</langstring>
			</caption>
		</term>
		<term>
			<termIdentifier>2.19</termIdentifier>
			<caption>
				<langstring>Decision-making</langstring>
			</caption>
		</term>
		<term>
			<termIdentifier>2.20</termIdentifier>
			<caption>
				<langstring>Use of TIC safely and critically</langstring>
			</caption>
		</term>
	</term>
	<term>
		<termIdentifier>3</termIdentifier>
		<caption>
			<langstring>Social and Team Work Competences</langstring>
		</caption>
		<term>
			<termIdentifier>3.1</termIdentifier>
			<caption>
				<langstring>Group encouragement to obtain the best results</langstring>
			</caption>
		</term>
		<term>
			<termIdentifier>3.2</termIdentifier>
			<caption>
				<langstring>Understanding and contribution to goals arrangement within the group</langstring>
			</caption>
		</term>
		<term>
			<termIdentifier>3.3</termIdentifier>
			<caption>
				<langstring>Understanding and working within group’s culture</langstring>
			</caption>
		</term>
		<term>
			<termIdentifier>3.4</termIdentifier>
			<caption>
				<langstring>Moderating of group discussions</langstring>
			</caption>
		</term>
		<term>
			<termIdentifier>3.5</termIdentifier>
			<caption>
				<langstring>Performance of help among group members to reach goals</langstring>
			</caption>
		</term>
		<term>
			<termIdentifier>3.6</termIdentifier>
			<caption>
				<langstring>Persuade</langstring>
			</caption>
		</term>
		<term>
			<termIdentifier>3.7</termIdentifier>
			<caption>
				<langstring>Respect towards ways of thinking and opinions of group members</langstring>
			</caption>
		</term>
		<term>
			<termIdentifier>3.8</termIdentifier>
			<caption>
				<langstring>Decision-making and planning in group</langstring>
			</caption>
		</term>
		<term>
			<termIdentifier>3.9</termIdentifier>
			<caption>
				<langstring>Work and/or learn with others</langstring>
			</caption>
		</term>
	</term>
</vdex>
