<?xml version="1.0" encoding="UTF-8" ?> 
 <vdex orderSignificant="true" profileType="hierarchicalTokenTerms" language="eu" xsi:schemaLocation="http://www.imsglobal.org/xsd/imsvdexv1p0 imsvdex_v1p0.xsd" xmlns="http://www.imsglobal.org/xsd/imsvdex_v1p0" xmlns:xsi="http://www.w3.org/2001/XMLSchema-instance">
  <vocabName>
  <langstring>Irisgarritasuna</langstring> 
  </vocabName>
  <term>
  <termIdentifier>1</termIdentifier> 
  <caption>
  <langstring>HURRENGO MAILARA (ikasketa-ariketarena edo objektuarena) IRISTEKO MODUAREN ADIERAZPENA</langstring> 
  </caption>
  <term>
  <termIdentifier>1.1</termIdentifier> 
  <caption>
  <langstring>Sarbideko informazioa aurkezteko modua</langstring> 
  </caption>
  <term>
  <termIdentifier>1.1.1</termIdentifier> 
 <caption>
  <langstring>Entzunezkoa (ahotsarekin edo soinuarekin)</langstring> 
  </caption>
 <term>
  <termIdentifier>1.1.1.1</termIdentifier> 
 <caption>
  <langstring>Informatiboa</langstring> 
  </caption>
  </term>
 <term>
  <termIdentifier>1.1.1.2</termIdentifier> 
 <caption>
  <langstring>Apaingarria</langstring> 
  </caption>
  </term>
 <term>
  <termIdentifier>1.1.1.3</termIdentifier> 
 <caption>
  <langstring>Motibazionala</langstring> 
  </caption>
  </term>
  </term>
 <term>
  <termIdentifier>1.1.2</termIdentifier> 
 <caption>
  <langstring>Ukituzkoa</langstring> 
  </caption>
 <term>
  <termIdentifier>1.1.2.1</termIdentifier> 
 <caption>
  <langstring>Informatiboa</langstring> 
  </caption>
  </term>
 <term>
  <termIdentifier>1.1.2.2</termIdentifier> 
 <caption>
  <langstring>Apaingarria</langstring> 
  </caption>
  </term>
 <term>
  <termIdentifier>1.1.2.3</termIdentifier> 
 <caption>
  <langstring>Motibazionala</langstring> 
  </caption>
  </term>
  </term>
 <term>
  <termIdentifier>1.1.3</termIdentifier> 
 <caption>
  <langstring>Testuzkoa (ikusizkoa, testu bidezkoa)</langstring> 
  </caption>
 <term>
  <termIdentifier>1.1.3.1</termIdentifier> 
 <caption>
  <langstring>Informatiboa</langstring> 
  </caption>
  </term>
 <term>
  <termIdentifier>1.1.3.2</termIdentifier> 
 <caption>
  <langstring>Apaingarria</langstring> 
  </caption>
  </term>
 <term>
  <termIdentifier>1.1.3.3</termIdentifier> 
 <caption>
  <langstring>Motibazionala</langstring> 
  </caption>
  </term>
  </term>
 <term>
  <termIdentifier>1.1.4</termIdentifier> 
 <caption>
  <langstring>Ikusizkoa (ikono bidezkoa, soilik)</langstring> 
  </caption>
 <term>
  <termIdentifier>1.1.4.1</termIdentifier> 
 <caption>
  <langstring>Informatiboa</langstring> 
  </caption>
  </term>
 <term>
  <termIdentifier>1.1.4.2</termIdentifier> 
 <caption>
  <langstring>Apaingarria</langstring> 
  </caption>
  </term>
 <term>
  <termIdentifier>1.1.4.3</termIdentifier> 
 <caption>
  <langstring>Motibazionala</langstring> 
  </caption>
  </term>
  </term>
  </term>
 <term>
  <termIdentifier>1.2</termIdentifier> 
 <caption>
  <langstring>Elkarreragiteko modua sarbidean (berrikusi elkarreragiteko moduak)</langstring> 
  </caption>
 <term>
  <termIdentifier>1.2.1</termIdentifier> 
 <caption>
  <langstring>Teklatu bidez</langstring> 
  </caption>
  </term>
 <term>
  <termIdentifier>1.2.2</termIdentifier> 
 <caption>
  <langstring>Sagu edo bestelako gailu erakusleen bidez</langstring> 
  </caption>
  </term>
 <term>
  <termIdentifier>1.2.3</termIdentifier> 
 <caption>
  <langstring>Ahotsa ezagutuz</langstring> 
  </caption>
  </term>
  </term>
  </term>
 <term>
  <termIdentifier>2</termIdentifier> 
 <caption>
  <langstring>IKASKETA ARIKETAKO ELKARRERAGITEKO MODUAREN ADIERAZPENA</langstring> 
  </caption>
 <term>
  <termIdentifier>2.1</termIdentifier> 
 <caption>
  <langstring>Informazioa aurkezteko modua objektuaren barruan</langstring> 
  </caption>
 <term>
  <termIdentifier>2.1.1</termIdentifier> 
 <caption>
  <langstring>Entzunezkoa (ahotsarekin edo soinuarekin)</langstring> 
  </caption>
 <term>
  <termIdentifier>2.1.1.1</termIdentifier> 
 <caption>
  <langstring>Informatiboa</langstring> 
  </caption>
  </term>
 <term>
  <termIdentifier>2.1.1.2</termIdentifier> 
 <caption>
  <langstring>Apaingarria</langstring> 
  </caption>
  </term>
 <term>
  <termIdentifier>2.1.1.3</termIdentifier> 
 <caption>
  <langstring>Motibazionala</langstring> 
  </caption>
  </term>
  </term>
 <term>
  <termIdentifier>2.1.2</termIdentifier> 
 <caption>
  <langstring>Ukituzkoa</langstring> 
  </caption>
 <term>
  <termIdentifier>2.1.2.1</termIdentifier> 
 <caption>
  <langstring>Informatiboa</langstring> 
  </caption>
  </term>
 <term>
  <termIdentifier>2.1.2.2</termIdentifier> 
 <caption>
  <langstring>Apaingarria</langstring> 
  </caption>
  </term>
 <term>
  <termIdentifier>2.1.2.3</termIdentifier> 
 <caption>
  <langstring>Motibazionala</langstring> 
  </caption>
  </term>
  </term>
 <term>
  <termIdentifier>2.1.3</termIdentifier> 
 <caption>
  <langstring>Testuzkoa (ikusizkoa, testu bidezkoa)</langstring> 
  </caption>
 <term>
  <termIdentifier>2.1.3.1</termIdentifier> 
 <caption>
  <langstring>Informatiboa</langstring> 
  </caption>
  </term>
 <term>
  <termIdentifier>2.1.3.2</termIdentifier> 
 <caption>
  <langstring>Apaingarria</langstring> 
  </caption>
  </term>
 <term>
  <termIdentifier>2.1.3.3</termIdentifier> 
 <caption>
  <langstring>Motibazionala</langstring> 
  </caption>
  </term>
  </term>
 <term>
  <termIdentifier>2.1.4</termIdentifier> 
 <caption>
  <langstring>Ikusizkoa (ikono bidezkoa, soilik)</langstring> 
  </caption>
 <term>
  <termIdentifier>2.1.4.1</termIdentifier> 
 <caption>
  <langstring>Informatiboa</langstring> 
  </caption>
  </term>
 <term>
  <termIdentifier>2.1.4.2</termIdentifier> 
 <caption>
  <langstring>Apaingarria</langstring> 
  </caption>
  </term>
 <term>
  <termIdentifier>2.1.4.3</termIdentifier> 
 <caption>
  <langstring>Motibazionala</langstring> 
  </caption>
  </term>
  </term>
  </term>
 <term>
  <termIdentifier>2.2</termIdentifier> 
 <caption>
  <langstring>Kontrol malgua ahalbidetzen du (elkarreragiteko modu bat baino gehiago eskaintzen du)</langstring> 
  </caption>
 <term>
  <termIdentifier>2.2.1</termIdentifier> 
 <caption>
  <langstring>Bai</langstring> 
  </caption>
  </term>
 <term>
  <termIdentifier>2.2.2</termIdentifier> 
 <caption>
  <langstring>Ez</langstring> 
  </caption>
  </term>
  </term>
 <term>
  <termIdentifier>2.3</termIdentifier> 
 <caption>
  <langstring>Elkarreragiteko moduak ariketaren barruan</langstring> 
  </caption>
 <term>
  <termIdentifier>2.3.1</termIdentifier> 
 <caption>
  <langstring>Teklatu bidezko kontrol osoa</langstring> 
  </caption>
  </term>
 <term>
  <termIdentifier>2.3.2</termIdentifier> 
 <caption>
  <langstring>Sagu edo bestelako gailu erakusleen (hardware espezifikoa, tableta...) bidezko kontrol osoa</langstring> 
  </caption>
  </term>
 <term>
  <termIdentifier>2.3.3</termIdentifier> 
 <caption>
  <langstring>Ahots-ezagupenaren bidezko kontrol osoa</langstring> 
  </caption>
  </term>
  </term>
  </term>
 <term>
  <termIdentifier>3</termIdentifier> 
 <caption>
  <langstring>PANTAILA OSOAN LAN EGITEN DU</langstring> 
  </caption>
 <term>
  <termIdentifier>3.1</termIdentifier> 
 <caption>
  <langstring>Bai</langstring> 
  </caption>
  </term>
 <term>
  <termIdentifier>3.2</termIdentifier> 
 <caption>
  <langstring>Ez</langstring> 
  </caption>
  </term>
  </term>
 <term>
  <termIdentifier>4</termIdentifier> 
 <caption>
  <langstring>JATORRI PANTAILAREN BEREIZMENA</langstring> 
  </caption>
 <term>
  <termIdentifier>4.1</termIdentifier> 
 <caption>
  <langstring>800x600</langstring> 
  </caption>
  </term>
 <term>
  <termIdentifier>4.2</termIdentifier> 
 <caption>
  <langstring>1024x768</langstring> 
  </caption>
  </term>
  </term>
 <term>
  <termIdentifier>5</termIdentifier> 
 <caption>
  <langstring>BEREIZMENA ALDATZEKO AUKERA EMATEN DU, EDUKIA DOITUZ</langstring> 
  </caption>
 <term>
  <termIdentifier>5.1</termIdentifier> 
 <caption>
  <langstring>Doitze automatikoa du</langstring> 
  </caption>
  </term>
 <term>
  <termIdentifier>5.2</termIdentifier> 
 <caption>
  <langstring>800x600tik 1024 x768ra aldatzeko aukera ematen du</langstring> 
  </caption>
  </term>
 <term>
  <termIdentifier>5.3</termIdentifier> 
 <caption>
  <langstring>1024x768tik 800 x600era aldatzeko aukera ematen du</langstring> 
  </caption>
  </term>
  </term>
 <term>
  <termIdentifier>6</termIdentifier> 
 <caption>
  <langstring>BISTARATZEA EGOKITZEKO AUKERA EMATEN DU</langstring> 
  </caption>
 <term>
  <termIdentifier>6.1</termIdentifier> 
 <caption>
  <langstring>Bai</langstring> 
  </caption>
  </term>
 <term>
  <termIdentifier>6.2</termIdentifier> 
 <caption>
  <langstring>Ez</langstring> 
  </caption>
  </term>
  </term>
 <term>
  <termIdentifier>7</termIdentifier> 
 <caption>
  <langstring>BISTARATZE MOLDAGARRIA</langstring> 
  </caption>
 <term>
  <termIdentifier>7.1</termIdentifier> 
 <caption>
  <langstring>Karaktereen tamaina</langstring> 
  </caption>
  </term>
 <term>
  <termIdentifier>7.2</termIdentifier> 
 <caption>
  <langstring>Letra-tipoa</langstring> 
  </caption>
  </term>
 <term>
  <termIdentifier>7.3</termIdentifier> 
 <caption>
  <langstring>Letra-tipoaren kolorea</langstring> 
  </caption>
  </term>
 <term>
  <termIdentifier>7.4</termIdentifier> 
 <caption>
  <langstring>Atzeko planoaren kolorea</langstring> 
  </caption>
  </term>
 <term>
  <termIdentifier>7.5</termIdentifier> 
 <caption>
  <langstring>Kurtsorearen formatua</langstring> 
  </caption>
  </term>
 <term>
  <termIdentifier>7.6</termIdentifier> 
 <caption>
  <langstring>Hautaketaren formatua</langstring> 
  </caption>
  </term>
 <term>
  <termIdentifier>7.7</termIdentifier> 
 <caption>
  <langstring>Txantiloi-estiloa</langstring> 
  </caption>
  </term>
 <term>
  <termIdentifier>7.8</termIdentifier> 
 <caption>
  <langstring>Aurkezpen-egitura</langstring> 
  </caption>
  </term>
 <term>
  <termIdentifier>7.9</termIdentifier> 
 <caption>
  <langstring>Irudiaren tratamendua (horretarako aukera ematen duten formatuetan soilik)</langstring> 
  </caption>
  </term>
 <term>
  <termIdentifier>7.10</termIdentifier> 
 <caption>
  <langstring>Irudiaren kontrastea</langstring> 
  </caption>
  </term>
  </term>
 <term>
  <termIdentifier>8</termIdentifier> 
 <caption>
  <langstring>MOLDAGARRITASUNAREN ADIERAZPENA</langstring> 
  </caption>
 <term>
  <termIdentifier>8.1</termIdentifier> 
 <caption>
  <langstring>Moldaketa-mota</langstring> 
  </caption>
 <term>
  <termIdentifier>8.1.1</termIdentifier> 
 <caption>
  <langstring>Audio bidezko deskribapena</langstring> 
  </caption>
  </term>
 <term>
  <termIdentifier>8.1.2</termIdentifier> 
 <caption>
  <langstring>Audio bidezko deskribapen zabaldua</langstring> 
  </caption>
  </term>
 <term>
  <termIdentifier>8.1.3</termIdentifier> 
 <caption>
  <langstring>Transkripzio osoa</langstring> 
  </caption>
  </term>
 <term>
  <termIdentifier>8.1.4</termIdentifier> 
 <caption>
  <langstring>Ukituzko irudikapena</langstring> 
  </caption>
  </term>
 <term>
  <termIdentifier>8.1.5</termIdentifier> 
 <caption>
  <langstring>Testuzko irudikapena</langstring> 
  </caption>
  </term>
 <term>
  <termIdentifier>8.1.6</termIdentifier> 
 <caption>
  <langstring>Ikusizko irudikapena</langstring> 
  </caption>
  </term>
 <term>
  <termIdentifier>8.1.7</termIdentifier> 
 <caption>
  <langstring>Azpitituluak</langstring> 
  </caption>
  </term>
 <term>
  <termIdentifier>8.1.8</termIdentifier> 
 <caption>
  <langstring>Azpitituluak gorrentzat</langstring> 
  </caption>
  </term>
 <term>
  <termIdentifier>8.1.9</termIdentifier> 
 <caption>
  <langstring>Zeinu-hizkuntza</langstring> 
  </caption>
  </term>
  </term>
  </term>
 <term>
  <termIdentifier>9</termIdentifier> 
 <caption>
  <langstring>EXEKUZIO DENBORA KONTROLATZEN DU</langstring> 
  </caption>
 <term>
  <termIdentifier>9.1</termIdentifier> 
 <caption>
  <langstring>Bai</langstring> 
  </caption>
  </term>
 <term>
  <termIdentifier>9.2</termIdentifier> 
 <caption>
  <langstring>Ez</langstring> 
  </caption>
  </term>
  </term>
 <term>
  <termIdentifier>10</termIdentifier> 
 <caption>
  <langstring>EXEKUZIO KONTAGAILUAREN MOTA</langstring> 
  </caption>
 <term>
  <termIdentifier>10.1</termIdentifier> 
 <caption>
  <langstring>Aurrerantz, alda daitekeena</langstring> 
  </caption>
  </term>
 <term>
  <termIdentifier>10.2</termIdentifier> 
 <caption>
  <langstring>Aurrerantz, ezin alda daitekeena</langstring> 
  </caption>
  </term>
 <term>
  <termIdentifier>10.3</termIdentifier> 
 <caption>
  <langstring>Atzerantz, alda daitekeena</langstring> 
  </caption>
  </term>
 <term>
  <termIdentifier>10.4</termIdentifier> 
 <caption>
  <langstring>Atzerantz, ezin alda daitekeena</langstring> 
  </caption>
  </term>
  </term>
  </vdex>


