<?xml version="1.0" encoding="UTF-8"?>
<!-- edited with XML Spy v4.4 U (http://www.xmlspy.com) by Larraitz Eizmendi (Indra) -->
<vdex orderSignificant="true" profileType="hierarchicalTokenTerms" language="ca" xsi:schemaLocation="http://www.imsglobal.org/xsd/imsvdexv1p0 imsvdex_v1p0.xsd" xmlns="http://www.imsglobal.org/xsd/imsvdex_v1p0" xmlns:xsi="http://www.w3.org/2001/XMLSchema-instance">
	<vocabName>
		<langstring>Competència</langstring>
	</vocabName>
	<term>
		<termIdentifier>1</termIdentifier>
		<caption>
			<langstring>Competències Generals i Personals</langstring>
		</caption>
		<term>
			<termIdentifier>1.1</termIdentifier>
			<caption>
				<langstring>Actitud positiva al canvi</langstring>
			</caption>
		</term>
		<term>
			<termIdentifier>1.2</termIdentifier>
			<caption>
				<langstring>Afectivitat</langstring>
			</caption>
		</term>
		<term>
			<termIdentifier>1.3</termIdentifier>
			<caption>
				<langstring>Autoaprenentatge al llarg de la vida</langstring>
			</caption>
		</term>
		<term>
			<termIdentifier>1.4</termIdentifier>
			<caption>
				<langstring>Autoestima</langstring>
			</caption>
		</term>
		<term>
			<termIdentifier>1.5</termIdentifier>
			<caption>
				<langstring>Autorreflexió i autoavaluació</langstring>
			</caption>
		</term>
		<term>
			<termIdentifier>1.6</termIdentifier>
			<caption>
				<langstring>Recerca d’ocupació</langstring>
			</caption>
		</term>
		<term>
			<termIdentifier>1.7</termIdentifier>
			<caption>
				<langstring>Recerca d’informació rellevant</langstring>
			</caption>
		</term>
		<term>
			<termIdentifier>1.8</termIdentifier>
			<caption>
				<langstring>Comunicació en llengua materna (escoltar, parlar, llegir i escriure).</langstring>
			</caption>
		</term>
		<term>
			<termIdentifier>1.9</termIdentifier>
			<caption>
				<langstring>Coneixement dels principis bàsics de la naturalesa</langstring>
			</caption>
		</term>
		<term>
			<termIdentifier>1.10</termIdentifier>
			<caption>
				<langstring>Coneixement i estima per la cultura i llengua de les Comunitats Autònomes</langstring>
			</caption>
		</term>
		<term>
			<termIdentifier>1.11</termIdentifier>
			<caption>
				<langstring>Coneixement i pràctica esportiva</langstring>
			</caption>
		</term>
		<term>
			<termIdentifier>1.12</termIdentifier>
			<caption>
				<langstring>Esperit d’empresa</langstring>
			</caption>
		</term>
		<term>
			<termIdentifier>1.13</termIdentifier>
			<caption>
				<langstring>Expressió i comprensió bàsica de llengua estrangera</langstring>
			</caption>
		</term>
		<term>
			<termIdentifier>1.14</termIdentifier>
			<caption>
				<langstring>Formulació de preguntes pertinents</langstring>
			</caption>
		</term>
		<term>
			<termIdentifier>1.15</termIdentifier>
			<caption>
				<langstring>Honestedat i ètica personal</langstring>
			</caption>
		</term>
		<term>
			<termIdentifier>1.16</termIdentifier>
			<caption>
				<langstring>Iniciativa personal</langstring>
			</caption>
		</term>
		<term>
			<termIdentifier>1.17</termIdentifier>
			<caption>
				<langstring>Interès per l’expressió cultural (literatura, música, arts escèniques i plàstics)</langstring>
			</caption>
		</term>
		<term>
			<termIdentifier>1.18</termIdentifier>
			<caption>
				<langstring>Invenció i creació</langstring>
			</caption>
		</term>
		<term>
			<termIdentifier>1.19</termIdentifier>
			<caption>
				<langstring>Motivació intrínseca</langstring>
			</caption>
		</term>
		<term>
			<termIdentifier>1.20</termIdentifier>
			<caption>
				<langstring>Pensament crític</langstring>
			</caption>
		</term>
		<term>
			<termIdentifier>1.21</termIdentifier>
			<caption>
				<langstring>Perseverança</langstring>
			</caption>
		</term>
		<term>
			<termIdentifier>1.22</termIdentifier>
			<caption>
				<langstring>Planificació i gestió de recursos propis (temps, diners,...)</langstring>
			</caption>
		</term>
		<term>
			<termIdentifier>1.23</termIdentifier>
			<caption>
				<langstring>Realització de judicis informats</langstring>
			</caption>
		</term>
		<term>
			<termIdentifier>1.24</termIdentifier>
			<caption>
				<langstring>Reconeixement i respecte a les diferències individuals</langstring>
			</caption>
		</term>
		<term>
			<termIdentifier>1.25</termIdentifier>
			<caption>
				<langstring>Resistència a la ambigüitat</langstring>
			</caption>
		</term>
		<term>
			<termIdentifier>1.26</termIdentifier>
			<caption>
				<langstring>Resistència al fracàs</langstring>
			</caption>
		</term>
		<term>
			<termIdentifier>1.27</termIdentifier>
			<caption>
				<langstring>Responsabilitat</langstring>
			</caption>
		</term>
		<term>
			<termIdentifier>1.28</termIdentifier>
			<caption>
				<langstring>Solució de problemes</langstring>
			</caption>
		</term>
		<term>
			<termIdentifier>1.29</termIdentifier>
			<caption>
				<langstring>Ús eficient de la informació</langstring>
			</caption>
		</term>
		<term>
			<termIdentifier>1.30</termIdentifier>
			<caption>
				<langstring>Ús bàsic de les TIC</langstring>
			</caption>
		</term>
	</term>
	<term>
		<termIdentifier>2</termIdentifier>
		<caption>
			<langstring>Competències Acadèmiques</langstring>
		</caption>
		<term>
			<termIdentifier>2.1</termIdentifier>
			<caption>
				<langstring>Accedir i aplicar el coneixement des de diferents disciplines (art, ciències socials, filosofia,
ciències naturals,...)</langstring>
			</caption>
		</term>
		<term>
			<termIdentifier>2.2</termIdentifier>
			<caption>
				<langstring>Anàlisi de dades</langstring>
			</caption>
		</term>
		<term>
			<termIdentifier>2.3</termIdentifier>
			<caption>
				<langstring>Aprendre a aprendre</langstring>
			</caption>
		</term>
		<term>
			<termIdentifier>2.4</termIdentifier>
			<caption>
				<langstring>Comprendre correctament en el llenguatge de la seva disciplina</langstring>
			</caption>
		</term>
		<term>
			<termIdentifier>2.5</termIdentifier>
			<caption>
				<langstring>Coneixement dels mètodes científics</langstring>
			</caption>
		</term>
		<term>
			<termIdentifier>2.6</termIdentifier>
			<caption>
				<langstring>Coneixement dels productes i processos tecnològics</langstring>
			</caption>
		</term>
		<term>
			<termIdentifier>2.7</termIdentifier>
			<caption>
				<langstring>Escoltar per a entendre i aprendre</langstring>
			</caption>
		</term>
		<term>
			<termIdentifier>2.8</termIdentifier>
			<caption>
				<langstring>Avaluar situacions</langstring>
			</caption>
		</term>
		<term>
			<termIdentifier>2.9</termIdentifier>
			<caption>
				<langstring>Expressar-se correctament en el llenguatge de la seva disciplina (oral i escrit)</langstring>
			</caption>
		</term>
		<term>
			<termIdentifier>2.10</termIdentifier>
			<caption>
				<langstring>Interpretar i utilitzar diferents materials escrits (gràfics, esquemes, quadres,...)</langstring>
			</caption>
		</term>
		<term>
			<termIdentifier>2.11</termIdentifier>
			<caption>
				<langstring>Operacions bàsiques de lecto-escriptura</langstring>
			</caption>
		</term>
		<term>
			<termIdentifier>2.12</termIdentifier>
			<caption>
				<langstring>Operacions bàsiques lògic-matemàtiques</langstring>
			</caption>
		</term>
		<term>
			<termIdentifier>2.13</termIdentifier>
			<caption>
				<langstring>Pensar críticament</langstring>
			</caption>
		</term>
		<term>
			<termIdentifier>2.14</termIdentifier>
			<caption>
				<langstring>Presentació de treballs o conclusions escrites de forma eficient</langstring>
			</caption>
		</term>
		<term>
			<termIdentifier>2.15</termIdentifier>
			<caption>
				<langstring>Presentació de treballs o conclusions orals de forma eficient</langstring>
			</caption>
		</term>
		<term>
			<termIdentifier>2.16</termIdentifier>
			<caption>
				<langstring>Realització d’observacions exactes i investigacions</langstring>
			</caption>
		</term>
		<term>
			<termIdentifier>2.17</termIdentifier>
			<caption>
				<langstring>Resoldre problemes complexos (tancats i oberts)</langstring>
			</caption>
		</term>
		<term>
			<termIdentifier>2.18</termIdentifier>
			<caption>
				<langstring>Sentit artístic</langstring>
			</caption>
		</term>
		<term>
			<termIdentifier>2.19</termIdentifier>
			<caption>
				<langstring>Prendre decisions</langstring>
			</caption>
		</term>
		<term>
			<termIdentifier>2.20</termIdentifier>
			<caption>
				<langstring>Utilitzar les TIC de manera segura i crítica</langstring>
			</caption>
		</term>
	</term>
	<term>
		<termIdentifier>3</termIdentifier>
		<caption>
			<langstring>Competències Socials i de Treball en Equip</langstring>
		</caption>
		<term>
			<termIdentifier>3.1</termIdentifier>
			<caption>
				<langstring>Animar el grup per a aconseguir els millors resultats</langstring>
			</caption>
		</term>
		<term>
			<termIdentifier>3.2</termIdentifier>
			<caption>
				<langstring>Comprendre i contribuir a l’organització dels objectius del grup</langstring>
			</caption>
		</term>
		<term>
			<termIdentifier>3.3</termIdentifier>
			<caption>
				<langstring>Comprendre i treballar dins de la cultura del grup</langstring>
			</caption>
		</term>
		<term>
			<termIdentifier>3.4</termIdentifier>
			<caption>
				<langstring>Dirigir discussions de grup</langstring>
			</caption>
		</term>
		<term>
			<termIdentifier>3.5</termIdentifier>
			<caption>
				<langstring>Exercitar l’ajuda entre els membres del grup per a assolir els resultats</langstring>
			</caption>
		</term>
		<term>
			<termIdentifier>3.6</termIdentifier>
			<caption>
				<langstring>Persuadir</langstring>
			</caption>
		</term>
		<term>
			<termIdentifier>3.7</termIdentifier>
			<caption>
				<langstring>Respectar les formes de pensar i les opinions dels integrants del grup</langstring>
			</caption>
		</term>
		<term>
			<termIdentifier>3.8</termIdentifier>
			<caption>
				<langstring>Prendre decisions i planificar en grup</langstring>
			</caption>
		</term>
		<term>
			<termIdentifier>3.9</termIdentifier>
			<caption>
				<langstring>Treballar i/o aprendre amb altres</langstring>
			</caption>
		</term>
	</term>
</vdex>
