﻿<?xml version="1.0" encoding="utf-8" standalone="no"?>
<vdex orderSignificant="true" profileType="hierarchicalTokenTerms" language="es" NS1:schemaLocation="http://www.imsglobal.org/xsd/imsvdexv1p0 imsvdex_v1p0.xsd" xmlns="http://www.imsglobal.org/xsd/imsvdex_v1p0" xmlns:NS1="http://www.w3.org/2001/XMLSchema-instance">
  <vocabName>
    <langstring>Accesibilidade</langstring>
  </vocabName>
  <term>
    <termIdentifier>1</termIdentifier>
    <caption>
      <langstring>DECLARACIÓN DO MODO DE ACCESO AO SEGUINTE NIVEL</langstring>
    </caption>
    <term>
      <termIdentifier>1.1</termIdentifier>
      <caption>
        <langstring>Modo de presentación da información no acceso</langstring>
      </caption>
      <term>
        <termIdentifier>1.1.1</termIdentifier>
        <caption>
          <langstring>Auditivo</langstring>
        </caption>
        <term>
          <termIdentifier>1.1.1.1</termIdentifier>
          <caption>
            <langstring>Informativo</langstring>
          </caption>
        </term>
        <term>
          <termIdentifier>1.1.1.2</termIdentifier>
          <caption>
            <langstring>Decorativo</langstring>
          </caption>
        </term>
        <term>
          <termIdentifier>1.1.1.3</termIdentifier>
          <caption>
            <langstring>Motivacional</langstring>
          </caption>
        </term>
      </term>
      <term>
        <termIdentifier>1.1.2</termIdentifier>
        <caption>
          <langstring>Táctil</langstring>
        </caption>
        <term>
          <termIdentifier>1.1.2.1</termIdentifier>
          <caption>
            <langstring>Informativo</langstring>
          </caption>
        </term>
        <term>
          <termIdentifier>1.1.2.2</termIdentifier>
          <caption>
            <langstring>Decorativo</langstring>
          </caption>
        </term>
        <term>
          <termIdentifier>1.1.2.3</termIdentifier>
          <caption>
            <langstring>Motivacional</langstring>
          </caption>
        </term>
      </term>
      <term>
        <termIdentifier>1.1.3</termIdentifier>
        <caption>
          <langstring>Textual</langstring>
        </caption>
        <term>
          <termIdentifier>1.1.3.1</termIdentifier>
          <caption>
            <langstring>Informativo</langstring>
          </caption>
        </term>
        <term>
          <termIdentifier>1.1.3.2</termIdentifier>
          <caption>
            <langstring>Decorativo</langstring>
          </caption>
        </term>
        <term>
          <termIdentifier>1.1.3.3</termIdentifier>
          <caption>
            <langstring>Motivacional</langstring>
          </caption>
        </term>
      </term>
      <term>
        <termIdentifier>1.1.4</termIdentifier>
        <caption>
          <langstring>Visual</langstring>
        </caption>
        <term>
          <termIdentifier>1.1.4.1</termIdentifier>
          <caption>
            <langstring>Informativo</langstring>
          </caption>
        </term>
        <term>
          <termIdentifier>1.1.4.2</termIdentifier>
          <caption>
            <langstring>Decorativo</langstring>
          </caption>
        </term>
        <term>
          <termIdentifier>1.1.4.3</termIdentifier>
          <caption>
            <langstring>Motivacional</langstring>
          </caption>
        </term>
      </term>
    </term>
    <term>
      <termIdentifier>1.2</termIdentifier>
      <caption>
        <langstring>Modo de interacción para o acceso</langstring>
      </caption>
      <term>
        <termIdentifier>1.2.1</termIdentifier>
        <caption>
          <langstring>Por teclado</langstring>
        </caption>
      </term>
      <term>
        <termIdentifier>1.2.2</termIdentifier>
        <caption>
          <langstring>Por rato ou outros dispositivos apuntadores</langstring>
        </caption>
      </term>
      <term>
        <termIdentifier>1.2.3</termIdentifier>
        <caption>
          <langstring>Por recoñecemento de voz</langstring>
        </caption>
      </term>
    </term>
  </term>
  <term>
    <termIdentifier>2</termIdentifier>
    <caption>
      <langstring>DECLARACIÓN DO MODO DE INTERACCIÓN NA ACTIVIDADE DE APRENDIZAXE</langstring>
    </caption>
    <term>
      <termIdentifier>2.1</termIdentifier>
      <caption>
        <langstring>Modo de presentación da información dentro do obxecto</langstring>
      </caption>
      <term>
        <termIdentifier>2.1.1</termIdentifier>
        <caption>
          <langstring>Auditivo</langstring>
        </caption>
        <term>
          <termIdentifier>2.1.1.1</termIdentifier>
          <caption>
            <langstring>Informativo</langstring>
          </caption>
        </term>
        <term>
          <termIdentifier>2.1.1.2</termIdentifier>
          <caption>
            <langstring>Decorativo</langstring>
          </caption>
        </term>
        <term>
          <termIdentifier>2.1.1.3</termIdentifier>
          <caption>
            <langstring>Motivacional</langstring>
          </caption>
        </term>
      </term>
      <term>
        <termIdentifier>2.1.2</termIdentifier>
        <caption>
          <langstring>Táctil</langstring>
        </caption>
        <term>
          <termIdentifier>2.1.2.1</termIdentifier>
          <caption>
            <langstring>Informativo</langstring>
          </caption>
        </term>
        <term>
          <termIdentifier>2.1.2.2</termIdentifier>
          <caption>
            <langstring>Decorativo</langstring>
          </caption>
        </term>
        <term>
          <termIdentifier>2.1.2.3</termIdentifier>
          <caption>
            <langstring>Motivacional</langstring>
          </caption>
        </term>
      </term>
      <term>
        <termIdentifier>2.1.3</termIdentifier>
        <caption>
          <langstring>Textual</langstring>
        </caption>
        <term>
          <termIdentifier>2.1.3.1</termIdentifier>
          <caption>
            <langstring>Informativo</langstring>
          </caption>
        </term>
        <term>
          <termIdentifier>2.1.3.2</termIdentifier>
          <caption>
            <langstring>Decorativo</langstring>
          </caption>
        </term>
        <term>
          <termIdentifier>2.1.3.3</termIdentifier>
          <caption>
            <langstring>Motivacional</langstring>
          </caption>
        </term>
      </term>
      <term>
        <termIdentifier>2.1.4</termIdentifier>
        <caption>
          <langstring>Visual</langstring>
        </caption>
        <term>
          <termIdentifier>2.1.4.1</termIdentifier>
          <caption>
            <langstring>Informativo</langstring>
          </caption>
        </term>
        <term>
          <termIdentifier>2.1.4.2</termIdentifier>
          <caption>
            <langstring>Decorativo</langstring>
          </caption>
        </term>
        <term>
          <termIdentifier>2.1.4.3</termIdentifier>
          <caption>
            <langstring>Motivacional</langstring>
          </caption>
        </term>
      </term>
    </term>
    <term>
      <termIdentifier>2.2</termIdentifier>
      <caption>
        <langstring>Permite control flexible</langstring>
      </caption>
      <term>
        <termIdentifier>2.2.1</termIdentifier>
        <caption>
          <langstring>Si</langstring>
        </caption>
      </term>
      <term>
        <termIdentifier>2.2.2</termIdentifier>
        <caption>
          <langstring>Non</langstring>
        </caption>
      </term>
    </term>
    <term>
      <termIdentifier>2.3</termIdentifier>
      <caption>
        <langstring>Modos de interacción dentro da actividade</langstring>
      </caption>
      <term>
        <termIdentifier>2.3.1</termIdentifier>
        <caption>
          <langstring>Control total por teclado</langstring>
        </caption>
      </term>
      <term>
        <termIdentifier>2.3.2</termIdentifier>
        <caption>
          <langstring>Control total por rato ou outros dispositivos apuntadores (hardware específico, taboíña...)</langstring>
        </caption>
      </term>
      <term>
        <termIdentifier>2.3.3</termIdentifier>
        <caption>
          <langstring>Control total por recoñecemento de voz</langstring>
        </caption>
      </term>
    </term>
  </term>
  <term>
    <termIdentifier>3</termIdentifier>
    <caption>
      <langstring>TRABALLA A PANTALLA COMPLETA</langstring>
    </caption>
    <term>
      <termIdentifier>3.1</termIdentifier>
      <caption>
        <langstring>Si</langstring>
      </caption>
    </term>
    <term>
      <termIdentifier>3.2</termIdentifier>
      <caption>
        <langstring>Non</langstring>
      </caption>
    </term>
  </term>
  <term>
    <termIdentifier>4</termIdentifier>
    <caption>
      <langstring>RESOLUCIÓN DE PANTALLA NATIVA</langstring>
    </caption>
    <term>
      <termIdentifier>4.1</termIdentifier>
      <caption>
        <langstring>800x600</langstring>
      </caption>
    </term>
    <term>
      <termIdentifier>4.2</termIdentifier>
      <caption>
        <langstring>1024x768</langstring>
      </caption>
    </term>
  </term>
  <term>
    <termIdentifier>5</termIdentifier>
    <caption>
      <langstring>PERMITE CAMBIO DE RESOLUCIÓN CON AXUSTE DE CONTIDO</langstring>
    </caption>
    <term>
      <termIdentifier>5.1</termIdentifier>
      <caption>
        <langstring>Funciona con auto-axuste</langstring>
      </caption>
    </term>
    <term>
      <termIdentifier>5.2</termIdentifier>
      <caption>
        <langstring>Permite cambio de 800x600 a 1024 x768</langstring>
      </caption>
    </term>
    <term>
      <termIdentifier>5.3</termIdentifier>
      <caption>
        <langstring>Permite cambio de 1024x768 a 800x600</langstring>
      </caption>
    </term>
  </term>
  <term>
    <termIdentifier>6</termIdentifier>
    <caption>
      <langstring>PERMITE ADAPTAR A VISUALIZACIÓN</langstring>
    </caption>
    <term>
      <termIdentifier>6.1</termIdentifier>
      <caption>
        <langstring>Si</langstring>
      </caption>
    </term>
    <term>
      <termIdentifier>6.2</termIdentifier>
      <caption>
        <langstring>Non</langstring>
      </caption>
    </term>
  </term>
  <term>
    <termIdentifier>7</termIdentifier>
    <caption>
      <langstring>VISUALIZACIÓN ADAPTABLE</langstring>
    </caption>
    <term>
      <termIdentifier>7.1</termIdentifier>
      <caption>
        <langstring>Tamaño caracteres</langstring>
      </caption>
    </term>
    <term>
      <termIdentifier>7.2</termIdentifier>
      <caption>
        <langstring>Tipo de fonte</langstring>
      </caption>
    </term>
    <term>
      <termIdentifier>7.3</termIdentifier>
      <caption>
        <langstring>Cor de fonte</langstring>
      </caption>
    </term>
    <term>
      <termIdentifier>7.4</termIdentifier>
      <caption>
        <langstring>Cor de fondo</langstring>
      </caption>
    </term>
    <term>
      <termIdentifier>7.5</termIdentifier>
      <caption>
        <langstring>Formato cursor</langstring>
      </caption>
    </term>
    <term>
      <termIdentifier>7.6</termIdentifier>
      <caption>
        <langstring>Formato selección</langstring>
      </caption>
    </term>
    <term>
      <termIdentifier>7.7</termIdentifier>
      <caption>
        <langstring>Estilo de modelo</langstring>
      </caption>
    </term>
    <term>
      <termIdentifier>7.8</termIdentifier>
      <caption>
        <langstring>Estrutura de presentación</langstring>
      </caption>
    </term>
    <term>
      <termIdentifier>7.9</termIdentifier>
      <caption>
        <langstring>Tratamento da imaxe</langstring>
      </caption>
    </term>
    <term>
      <termIdentifier>7.10</termIdentifier>
      <caption>
        <langstring>Contraste de imaxe</langstring>
      </caption>
    </term>
  </term>
  <term>
    <termIdentifier>8</termIdentifier>
    <caption>
      <langstring>DECLARACIÓN DE ADAPTABILIDADE</langstring>
    </caption>
    <term>
      <termIdentifier>8.1</termIdentifier>
      <caption>
        <langstring>Tipo de adaptación</langstring>
      </caption>
      <term>
        <termIdentifier>8.1.1</termIdentifier>
        <caption>
          <langstring>Audio-descrición</langstring>
        </caption>
      </term>
      <term>
        <termIdentifier>8.1.2</termIdentifier>
        <caption>
          <langstring>Audio-descrición estendida</langstring>
        </caption>
      </term>
      <term>
        <termIdentifier>8.1.3</termIdentifier>
        <caption>
          <langstring>Transcrición completa</langstring>
        </caption>
      </term>
      <term>
        <termIdentifier>8.1.4</termIdentifier>
        <caption>
          <langstring>Representación táctil</langstring>
        </caption>
      </term>
      <term>
        <termIdentifier>8.1.5</termIdentifier>
        <caption>
          <langstring>Representación textual</langstring>
        </caption>
      </term>
      <term>
        <termIdentifier>8.1.6</termIdentifier>
        <caption>
          <langstring>Representación visual</langstring>
        </caption>
      </term>
      <term>
        <termIdentifier>8.1.7</termIdentifier>
        <caption>
          <langstring>Subtitulado</langstring>
        </caption>
      </term>
      <term>
        <termIdentifier>8.1.8</termIdentifier>
        <caption>
          <langstring>Subtitulado para xordos</langstring>
        </caption>
      </term>
      <term>
        <termIdentifier>8.1.9</termIdentifier>
        <caption>
          <langstring>Linguaxe de signos</langstring>
        </caption>
      </term>
    </term>
  </term>
  <term>
    <termIdentifier>9</termIdentifier>
    <caption>
      <langstring>TEN CONTROL DO TEMPO DE EXECUCIÓN</langstring>
    </caption>
    <term>
      <termIdentifier>9.1</termIdentifier>
      <caption>
        <langstring>Si</langstring>
      </caption>
    </term>
    <term>
      <termIdentifier>9.2</termIdentifier>
      <caption>
        <langstring>Non</langstring>
      </caption>
    </term>
  </term>
  <term>
    <termIdentifier>10</termIdentifier>
    <caption>
      <langstring>TIPO DE CONTADOR DE EXECUCIÓN</langstring>
    </caption>
    <term>
      <termIdentifier>10.1</termIdentifier>
      <caption>
        <langstring>Cara adiante modificable</langstring>
      </caption>
    </term>
    <term>
      <termIdentifier>10.2</termIdentifier>
      <caption>
        <langstring>Cara adiante non modificable</langstring>
      </caption>
    </term>
    <term>
      <termIdentifier>10.3</termIdentifier>
      <caption>
        <langstring>Cara atrás modificable</langstring>
      </caption>
    </term>
    <term>
      <termIdentifier>10.4</termIdentifier>
      <caption>
        <langstring>Cara atrás non modificable</langstring>
      </caption>
    </term>
  </term>
</vdex>