<?xml version="1.0" encoding="UTF-8" standalone="no"?>
<vdex orderSignificant="true" profileType="hierarchicalTokenTerms" language="ca" xsi:schemaLocation="http://www.imsglobal.org/xsd/imsvdexv1p0 imsvdex_v1p0.xsd" xmlns="http://www.imsglobal.org/xsd/imsvdex_v1p0" xmlns:xsi="http://www.w3.org/2001/XMLSchema-instance">
	<vocabName>
		<langstring>Accesibilitat</langstring>
	</vocabName>
	<term>
		<termIdentifier>1</termIdentifier>
		<caption>
			<langstring>DECLARACIÓ DEL MODE D’ACCÉS AL SEGÜENT NIVELL</langstring>
		</caption>
		<term>
			<termIdentifier>1.1</termIdentifier>
			<caption>
				<langstring>Mode de presentació de la informació en l’accés</langstring>
			</caption>
			<term>
				<termIdentifier>1.1.1</termIdentifier>
				<caption>
					<langstring>Auditiu</langstring>
				</caption>
				<term>
					<termIdentifier>1.1.1.1</termIdentifier>
					<caption>
						<langstring>Informatiu</langstring>
					</caption>
				</term>
				<term>
					<termIdentifier>1.1.1.2</termIdentifier>
					<caption>
						<langstring>Decoratiu</langstring>
					</caption>
				</term>
				<term>
					<termIdentifier>1.1.1.3</termIdentifier>
					<caption>
						<langstring>Motivacional</langstring>
					</caption>
				</term>
			</term>
			<term>
				<termIdentifier>1.1.2</termIdentifier>
				<caption>
					<langstring>Tàctil</langstring>
				</caption>
				<term>
					<termIdentifier>1.1.2.1</termIdentifier>
					<caption>
						<langstring>Informatiu</langstring>
					</caption>
				</term>
				<term>
					<termIdentifier>1.1.2.2</termIdentifier>
					<caption>
						<langstring>Decoratiu</langstring>
					</caption>
				</term>
				<term>
					<termIdentifier>1.1.2.3</termIdentifier>
					<caption>
						<langstring>Motivacional</langstring>
					</caption>
				</term>
			</term>
			<term>
				<termIdentifier>1.1.3</termIdentifier>
				<caption>
					<langstring>Textual</langstring>
				</caption>
				<term>
					<termIdentifier>1.1.3.1</termIdentifier>
					<caption>
						<langstring>Informatiu</langstring>
					</caption>
				</term>
				<term>
					<termIdentifier>1.1.3.2</termIdentifier>
					<caption>
						<langstring>Decoratiu</langstring>
					</caption>
				</term>
				<term>
					<termIdentifier>1.1.3.3</termIdentifier>
					<caption>
						<langstring>Motivacional</langstring>
					</caption>
				</term>
			</term>
			<term>
				<termIdentifier>1.1.4</termIdentifier>
				<caption>
					<langstring>Visual</langstring>
				</caption>
				<term>
					<termIdentifier>1.1.4.1</termIdentifier>
					<caption>
						<langstring>Informatiu</langstring>
					</caption>
				</term>
				<term>
					<termIdentifier>1.1.4.2</termIdentifier>
					<caption>
						<langstring>Decoratiu</langstring>
					</caption>
				</term>
				<term>
					<termIdentifier>1.1.4.3</termIdentifier>
					<caption>
						<langstring>Motivacional</langstring>
					</caption>
				</term>
			</term>
		</term>
		<term>
			<termIdentifier>1.2</termIdentifier>
			<caption>
				<langstring>Mode d'interacció per a l'accés</langstring>
			</caption>
			<term>
				<termIdentifier>1.2.1</termIdentifier>
				<caption>
					<langstring>Per teclat</langstring>
				</caption>
			</term>
			<term>
				<termIdentifier>1.2.2</termIdentifier>
				<caption>
					<langstring>Per ratolí o altres dispositius apuntadors</langstring>
				</caption>
			</term>
			<term>
				<termIdentifier>1.2.3</termIdentifier>
				<caption>
					<langstring>Per reconeixement de veu</langstring>
				</caption>
			</term>
		</term>
	</term>
	<term>
		<termIdentifier>2</termIdentifier>
		<caption>
			<langstring>DECLARACIÓ DEL MODE D'INTERACCIÓ EN L'ACTIVITAT D'APRENENTATGE</langstring>
		</caption>
		<term>
			<termIdentifier>2.1</termIdentifier>
			<caption>
				<langstring>Mode de presentació de la informació dins de l'objecte</langstring>
			</caption>
			<term>
				<termIdentifier>2.1.1</termIdentifier>
				<caption>
					<langstring>Auditiu</langstring>
				</caption>
				<term>
					<termIdentifier>2.1.1.1</termIdentifier>
					<caption>
						<langstring>Informatiu</langstring>
					</caption>
				</term>
				<term>
					<termIdentifier>2.1.1.2</termIdentifier>
					<caption>
						<langstring>Decoratiu</langstring>
					</caption>
				</term>
				<term>
					<termIdentifier>2.1.1.3</termIdentifier>
					<caption>
						<langstring>Motivacional</langstring>
					</caption>
				</term>
			</term>
			<term>
				<termIdentifier>2.1.2</termIdentifier>
				<caption>
					<langstring>Tàctil</langstring>
				</caption>
				<term>
					<termIdentifier>2.1.2.1</termIdentifier>
					<caption>
						<langstring>Informatiu</langstring>
					</caption>
				</term>
				<term>
					<termIdentifier>2.1.2.2</termIdentifier>
					<caption>
						<langstring>Decoratiu</langstring>
					</caption>
				</term>
				<term>
					<termIdentifier>2.1.2.3</termIdentifier>
					<caption>
						<langstring>Motivacional</langstring>
					</caption>
				</term>
			</term>
			<term>
				<termIdentifier>2.1.3</termIdentifier>
				<caption>
					<langstring>Textual</langstring>
				</caption>
				<term>
					<termIdentifier>2.1.3.1</termIdentifier>
					<caption>
						<langstring>Informatiu</langstring>
					</caption>
				</term>
				<term>
					<termIdentifier>2.1.3.2</termIdentifier>
					<caption>
						<langstring>Decoratiu</langstring>
					</caption>
				</term>
				<term>
					<termIdentifier>2.1.3.3</termIdentifier>
					<caption>
						<langstring>Motivacional</langstring>
					</caption>
				</term>
			</term>
			<term>
				<termIdentifier>2.1.4</termIdentifier>
				<caption>
					<langstring>Visual</langstring>
				</caption>
				<term>
					<termIdentifier>2.1.4.1</termIdentifier>
					<caption>
						<langstring>Informatiu</langstring>
					</caption>
				</term>
				<term>
					<termIdentifier>2.1.4.2</termIdentifier>
					<caption>
						<langstring>Decoratiu</langstring>
					</caption>
				</term>
				<term>
					<termIdentifier>2.1.4.3</termIdentifier>
					<caption>
						<langstring>Motivacional</langstring>
					</caption>
				</term>
			</term>
		</term>
		<term>
			<termIdentifier>2.2</termIdentifier>
			<caption>
				<langstring>Permet control flexible</langstring>
			</caption>
			<term>
				<termIdentifier>2.2.1</termIdentifier>
				<caption>
					<langstring>Sí</langstring>
				</caption>
			</term>
			<term>
				<termIdentifier>2.2.2</termIdentifier>
				<caption>
					<langstring>No</langstring>
				</caption>
			</term>
		</term>
		<term>
			<termIdentifier>2.3</termIdentifier>
			<caption>
				<langstring>Modes d'interacció dins de l'activitat</langstring>
			</caption>
			<term>
				<termIdentifier>2.3.1</termIdentifier>
				<caption>
					<langstring>Control total per teclat</langstring>
				</caption>
			</term>
			<term>
				<termIdentifier>2.3.2</termIdentifier>
				<caption>
					<langstring>Control total per ratolí o altres dispositius apuntadors</langstring>
				</caption>
			</term>
			<term>
				<termIdentifier>2.3.3</termIdentifier>
				<caption>
					<langstring>Control total per reconeixement de veu</langstring>
				</caption>
			</term>
		</term>
	</term>
	<term>
		<termIdentifier>3</termIdentifier>
		<caption>
			<langstring>TREBALLA A PANTALLA COMPLETA</langstring>
		</caption>
		<term>
			<termIdentifier>3.1</termIdentifier>
			<caption>
				<langstring>Sí</langstring>
			</caption>
		</term>
		<term>
			<termIdentifier>3.2</termIdentifier>
			<caption>
				<langstring>No</langstring>
			</caption>
		</term>
	</term>
	<term>
		<termIdentifier>4</termIdentifier>
		<caption>
			<langstring>RESOLUCIÓ DE PANTALLA NATIVA</langstring>
		</caption>
		<term>
			<termIdentifier>4.1</termIdentifier>
			<caption>
				<langstring>800x600</langstring>
			</caption>
		</term>
		<term>
			<termIdentifier>4.2</termIdentifier>
			<caption>
				<langstring>1024x768</langstring>
			</caption>
		</term>
	</term>
	<term>
		<termIdentifier>5</termIdentifier>
		<caption>
			<langstring>PERMET CANVI DE RESOLUCIÓ AMB AJUST DE CONTINGUT</langstring>
		</caption>
		<term>
			<termIdentifier>5.1</termIdentifier>
			<caption>
				<langstring>Funciona amb autoajust</langstring>
			</caption>
		</term>
		<term>
			<termIdentifier>5.2</termIdentifier>
			<caption>
				<langstring>Permet canvi de 800x600 a 1024 x768</langstring>
			</caption>
		</term>
		<term>
			<termIdentifier>5.3</termIdentifier>
			<caption>
				<langstring>Permet canvi de 1024x768 a 800x600</langstring>
			</caption>
		</term>
	</term>
	<term>
		<termIdentifier>6</termIdentifier>
		<caption>
			<langstring>PERMET ADAPTAR LA VISUALITZACIÓ</langstring>
		</caption>
		<term>
			<termIdentifier>6.1</termIdentifier>
			<caption>
				<langstring>Sí</langstring>
			</caption>
		</term>
		<term>
			<termIdentifier>6.2</termIdentifier>
			<caption>
				<langstring>No</langstring>
			</caption>
		</term>
	</term>
	<term>
		<termIdentifier>7</termIdentifier>
		<caption>
			<langstring>VISUALITZACIÓ ADAPTABLE</langstring>
		</caption>
		<term>
			<termIdentifier>7.1</termIdentifier>
			<caption>
				<langstring>Grandària caràcters</langstring>
			</caption>
		</term>
		<term>
			<termIdentifier>7.2</termIdentifier>
			<caption>
				<langstring>Tipus de font</langstring>
			</caption>
		</term>
		<term>
			<termIdentifier>7.3</termIdentifier>
			<caption>
				<langstring>Color de font</langstring>
			</caption>
		</term>
		<term>
			<termIdentifier>7.4</termIdentifier>
			<caption>
				<langstring>Color de fons</langstring>
			</caption>
		</term>
		<term>
			<termIdentifier>7.5</termIdentifier>
			<caption>
				<langstring>Format cursor</langstring>
			</caption>
		</term>
		<term>
			<termIdentifier>7.6</termIdentifier>
			<caption>
				<langstring>Format selecció</langstring>
			</caption>
		</term>
		<term>
			<termIdentifier>7.7</termIdentifier>
			<caption>
				<langstring>Estil de plantilla</langstring>
			</caption>
		</term>
		<term>
			<termIdentifier>7.8</termIdentifier>
			<caption>
				<langstring>Estructura de presentació</langstring>
			</caption>
		</term>
		<term>
			<termIdentifier>7.9</termIdentifier>
			<caption>
				<langstring>Tractament de la imatge</langstring>
			</caption>
		</term>
		<term>
			<termIdentifier>7.10</termIdentifier>
			<caption>
				<langstring>Contrast d’imatge</langstring>
			</caption>
		</term>
	</term>
	<term>
		<termIdentifier>8</termIdentifier>
		<caption>
			<langstring>DECLARACIÓ D'ADAPTABILITAT</langstring>
		</caption>
		<term>
			<termIdentifier>8.1</termIdentifier>
			<caption>
				<langstring>Tipus d'adaptació</langstring>
			</caption>
			<term>
				<termIdentifier>8.1.1</termIdentifier>
				<caption>
					<langstring>Àudio-descripció</langstring>
				</caption>
			</term>
			<term>
				<termIdentifier>8.1.2</termIdentifier>
				<caption>
					<langstring>Àudio-descripció estesa</langstring>
				</caption>
			</term>
			<term>
				<termIdentifier>8.1.3</termIdentifier>
				<caption>
					<langstring>Transcripció completa</langstring>
				</caption>
			</term>
			<term>
				<termIdentifier>8.1.4</termIdentifier>
				<caption>
					<langstring>Representació tàctil</langstring>
				</caption>
			</term>
			<term>
				<termIdentifier>8.1.5</termIdentifier>
				<caption>
					<langstring>Representació textual</langstring>
				</caption>
			</term>
			<term>
				<termIdentifier>8.1.6</termIdentifier>
				<caption>
					<langstring>Representació visual</langstring>
				</caption>
			</term>
			<term>
				<termIdentifier>8.1.7</termIdentifier>
				<caption>
					<langstring>Subtitulat</langstring>
				</caption>
			</term>
			<term>
				<termIdentifier>8.1.8</termIdentifier>
				<caption>
					<langstring>Subtitulat per a sords</langstring>
				</caption>
			</term>
			<term>
				<termIdentifier>8.1.9</termIdentifier>
				<caption>
					<langstring>Llenguatge de signes</langstring>
				</caption>
			</term>
		</term>
	</term>
	<term>
		<termIdentifier>9</termIdentifier>
		<caption>
			<langstring>TÉ CONTROL DEL TEMPS D'EXECUCIÓ</langstring>
		</caption>
		<term>
			<termIdentifier>9.1</termIdentifier>
			<caption>
				<langstring>Sí</langstring>
			</caption>
		</term>
		<term>
			<termIdentifier>9.2</termIdentifier>
			<caption>
				<langstring>No</langstring>
			</caption>
		</term>
	</term>
	<term>
		<termIdentifier>10</termIdentifier>
		<caption>
			<langstring>TIPUS DE COMPTADOR D'EXECUCIÓ</langstring>
		</caption>
		<term>
			<termIdentifier>10.1</termIdentifier>
			<caption>
				<langstring>Cap avant modificable</langstring>
			</caption>
		</term>
		<term>
			<termIdentifier>10.2</termIdentifier>
			<caption>
				<langstring>Cap avant no modificable</langstring>
			</caption>
		</term>
		<term>
			<termIdentifier>10.3</termIdentifier>
			<caption>
				<langstring>Cap arrere modificable</langstring>
			</caption>
		</term>
		<term>
			<termIdentifier>10.4</termIdentifier>
			<caption>
				<langstring>Cap arrere modificable</langstring>
			</caption>
		</term>
	</term>
</vdex>
