﻿<?xml version="1.0" encoding="UTF-8"?>
<!-- edited with XML Spy v4.4 U (http://www.xmlspy.com) by Larraitz Eizmendi (Indra) -->
<vdex orderSignificant="true" profileType="hierarchicalTokenTerms" language="es" xsi:schemaLocation="http://www.imsglobal.org/xsd/imsvdexv1p0 imsvdex_v1p0.xsd" xmlns="http://www.imsglobal.org/xsd/imsvdex_v1p0" xmlns:xsi="http://www.w3.org/2001/XMLSchema-instance">
	<vocabName>
		<langstring>Nivel Educativo</langstring>
	</vocabName>
	<term>
		<termIdentifier>1</termIdentifier>
		<caption>
			<langstring>Educación Especial</langstring>
		</caption>
		<term>
			<termIdentifier>1.1</termIdentifier>
			<caption>
				<langstring>Educación Infantil</langstring>
			</caption>
		</term>
		<term>
			<termIdentifier>1.2</termIdentifier>
			<caption>
				<langstring>Educación Primaria</langstring>
			</caption>
		</term>
		<term>
			<termIdentifier>1.3</termIdentifier>
			<caption>
				<langstring>Educación Secundaria Obligatoria</langstring>
			</caption>
		</term>
	</term>
	<term>
		<termIdentifier>2</termIdentifier>
		<caption>
			<langstring>Educación Infantil</langstring>
		</caption>
		<term>
			<termIdentifier>2.1</termIdentifier>
			<caption>
				<langstring>Primer ciclo</langstring>
			</caption>
			<term>
				<termIdentifier>2.1.1</termIdentifier>
				<caption>
					<langstring>0 años</langstring>
				</caption>
			</term>
			<term>
				<termIdentifier>2.1.2</termIdentifier>
				<caption>
					<langstring>1 año</langstring>
				</caption>
			</term>
			<term>
				<termIdentifier>2.1.3</termIdentifier>
				<caption>
					<langstring>2 años</langstring>
				</caption>
			</term>
		</term>
		<term>
			<termIdentifier>2.2</termIdentifier>
			<caption>
				<langstring>Segundo ciclo</langstring>
			</caption>
			<term>
				<termIdentifier>2.2.1</termIdentifier>
				<caption>
					<langstring>3 años</langstring>
				</caption>
			</term>
			<term>
				<termIdentifier>2.2.2</termIdentifier>
				<caption>
					<langstring>4 años</langstring>
				</caption>
			</term>
			<term>
				<termIdentifier>2.2.3</termIdentifier>
				<caption>
					<langstring>5 años</langstring>
				</caption>
			</term>
		</term>
	</term>
	<term>
		<termIdentifier>3</termIdentifier>
		<caption>
			<langstring>Educación Primaria</langstring>
		</caption>
		<term>
			<termIdentifier>3.1</termIdentifier>
			<caption>
				<langstring>Primer ciclo</langstring>
			</caption>
			<term>
				<termIdentifier>3.1.1</termIdentifier>
				<caption>
					<langstring>Primer curso</langstring>
				</caption>
			</term>
			<term>
				<termIdentifier>3.1.2</termIdentifier>
				<caption>
					<langstring>Segundo curso</langstring>
				</caption>
			</term>
		</term>
		<term>
			<termIdentifier>3.2</termIdentifier>
			<caption>
				<langstring>Segundo ciclo</langstring>
			</caption>
			<term>
				<termIdentifier>3.2.1</termIdentifier>
				<caption>
					<langstring>Tercer curso</langstring>
				</caption>
			</term>
			<term>
				<termIdentifier>3.2.2</termIdentifier>
				<caption>
					<langstring>Cuarto curso</langstring>
				</caption>
			</term>
		</term>
		<term>
			<termIdentifier>3.3</termIdentifier>
			<caption>
				<langstring>Tercer ciclo</langstring>
			</caption>
			<term>
				<termIdentifier>3.3.1</termIdentifier>
				<caption>
					<langstring>Quinto curso</langstring>
				</caption>
			</term>
			<term>
				<termIdentifier>3.3.2</termIdentifier>
				<caption>
					<langstring>Sexto curso</langstring>
				</caption>
			</term>
		</term>
	</term>
	<term>
		<termIdentifier>4</termIdentifier>
		<caption>
			<langstring>Educación Secundaria Obligatoria</langstring>
		</caption>
		<term>
			<termIdentifier>4.1</termIdentifier>
			<caption>
				<langstring>Primer curso</langstring>
			</caption>
		</term>
		<term>
			<termIdentifier>4.2</termIdentifier>
			<caption>
				<langstring>Segundo curso</langstring>
			</caption>
		</term>
		<term>
			<termIdentifier>4.3</termIdentifier>
			<caption>
				<langstring>Tercer curso</langstring>
			</caption>
		</term>
		<term>
			<termIdentifier>4.4</termIdentifier>
			<caption>
				<langstring>Cuarto curso</langstring>
			</caption>
		</term>
		<term>
			<termIdentifier>4.5</termIdentifier>
			<caption>
				<langstring>Diversificación curricular</langstring>
			</caption>
		</term>
	</term>
	<term>
		<termIdentifier>5</termIdentifier>
		<caption>
			<langstring>Enseñanza Compensatoria</langstring>
		</caption>
		<term>
			<termIdentifier>5.1</termIdentifier>
			<caption>
				<langstring>Aulas de enlace</langstring>
			</caption>
		</term>
		<term>
			<termIdentifier>5.2</termIdentifier>
			<caption>
				<langstring>Aulas de acogida</langstring>
			</caption>
		</term>
		<term>
			<termIdentifier>5.3</termIdentifier>
			<caption>
				<langstring>Aulas hospitalarias</langstring>
			</caption>
		</term>
	</term>
	<term>
		<termIdentifier>6</termIdentifier>
		<caption>
			<langstring>Bachillerato</langstring>
		</caption>
	</term>
	<term>
		<termIdentifier>7</termIdentifier>
		<caption>
			<langstring>Programas de Cualificación Profesional Inicial</langstring>
		</caption>
		<term>
			<termIdentifier>7.1</termIdentifier>
			<caption>
				<langstring>Iniciación profesional</langstring>
			</caption>
		</term>
		<term>
			<termIdentifier>7.2</termIdentifier>
			<caption>
				<langstring>Formación empleo</langstring>
			</caption>
		</term>
		<term>
			<termIdentifier>7.3</termIdentifier>
			<caption>
				<langstring>Talleres profesionales</langstring>
			</caption>
		</term>
		<term>
			<termIdentifier>7.4</termIdentifier>
			<caption>
				<langstring>Iniciación profesional especial</langstring>
			</caption>
		</term>
		<term>
			<termIdentifier>7.5</termIdentifier>
			<caption>
				<langstring>Preparación acceso grado medio FP</langstring>
			</caption>
		</term>
		<term>
			<termIdentifier>7.6</termIdentifier>
			<caption>
				<langstring>Preparación acceso grado supreior FP</langstring>
			</caption>
		</term>
	</term>
	<term>
		<termIdentifier>8</termIdentifier>
		<caption>
			<langstring>Formación Profesional</langstring>
		</caption>
		<term>
			<termIdentifier>8.1</termIdentifier>
			<caption>
				<langstring>Ciclo formativo grado medio</langstring>
			</caption>
		</term>
		<term>
			<termIdentifier>8.2</termIdentifier>
			<caption>
				<langstring>Ciclo formativo grado superior</langstring>
			</caption>
		</term>
	</term>
	<term>
		<termIdentifier>9</termIdentifier>
		<caption>
			<langstring>Educación de Personas Adultas</langstring>
		</caption>
		<term>
			<termIdentifier>9.1</termIdentifier>
			<caption>
				<langstring>Enseñanza básica para personas adultas</langstring>
			</caption>
			<term>
				<termIdentifier>9.1.1</termIdentifier>
				<caption>
					<langstring>Alfabetización</langstring>
				</caption>
			</term>
			<term>
				<termIdentifier>9.1.2</termIdentifier>
				<caption>
					<langstring>Consolidación de conocimientos y técnicas instrumentales</langstring>
				</caption>
			</term>
		</term>
		<term>
			<termIdentifier>9.2</termIdentifier>
			<caption>
				<langstring>ESPA</langstring>
			</caption>
			<term>
				<termIdentifier>9.2.1</termIdentifier>
				<caption>
					<langstring>Nivel 1</langstring>
				</caption>
			</term>
			<term>
				<termIdentifier>9.2.2</termIdentifier>
				<caption>
					<langstring>Nivel 2</langstring>
				</caption>
			</term>
		</term>
		<term>
			<termIdentifier>9.3</termIdentifier>
			<caption>
				<langstring>ESPAD</langstring>
			</caption>
			<term>
				<termIdentifier>9.3.1</termIdentifier>
				<caption>
					<langstring>Nivel 1</langstring>
				</caption>
			</term>
			<term>
				<termIdentifier>9.3.2</termIdentifier>
				<caption>
					<langstring>Nivel 2</langstring>
				</caption>
			</term>
		</term>
		<term>
			<termIdentifier>9.4</termIdentifier>
			<caption>
				<langstring>Pruebas libres título general ESO</langstring>
			</caption>
		</term>
		<term>
			<termIdentifier>9.5</termIdentifier>
			<caption>
				<langstring>Pruebas libres bachillerato</langstring>
			</caption>
		</term>
		<term>
			<termIdentifier>9.6</termIdentifier>
			<caption>
				<langstring>Pruebas libres técnico</langstring>
			</caption>
		</term>
		<term>
			<termIdentifier>9.7</termIdentifier>
			<caption>
				<langstring>Pruebas libres técnico superior</langstring>
			</caption>
		</term>
		<term>
			<termIdentifier>9.8</termIdentifier>
			<caption>
				<langstring>Inserción o actualización laboral y profesional</langstring>
			</caption>
		</term>
		<term>
			<termIdentifier>9.9</termIdentifier>
			<caption>
				<langstring>Alfabetización en lengua castellana (español para inmigrantes)</langstring>
			</caption>
		</term>
		<term>
			<termIdentifier>9.10</termIdentifier>
			<caption>
				<langstring>Formación para el desarrollo personal</langstring>
			</caption>
		</term>
		<term>
			<termIdentifier>9.11</termIdentifier>
			<caption>
				<langstring>Bachillerato adultos y distancia</langstring>
			</caption>
		</term>
		<term>
			<termIdentifier>9.12</termIdentifier>
			<caption>
				<langstring>Thast´s English. Enseñanza oficial de idiomas</langstring>
			</caption>
			<term>
				<termIdentifier>9.12.1</termIdentifier>
				<caption>
					<langstring>Módulo 1</langstring>
				</caption>
			</term>
			<term>
				<termIdentifier>9.12.2</termIdentifier>
				<caption>
					<langstring>Módulo 2</langstring>
				</caption>
			</term>
			<term>
				<termIdentifier>9.12.3</termIdentifier>
				<caption>
					<langstring>Módulo 3</langstring>
				</caption>
			</term>
			<term>
				<termIdentifier>9.12.4</termIdentifier>
				<caption>
					<langstring>Módulo 4</langstring>
				</caption>
			</term>
			<term>
				<termIdentifier>9.12.5</termIdentifier>
				<caption>
					<langstring>Módulo 5</langstring>
				</caption>
			</term>
			<term>
				<termIdentifier>9.12.6</termIdentifier>
				<caption>
					<langstring>Módulo 6</langstring>
				</caption>
			</term>
			<term>
				<termIdentifier>9.12.7</termIdentifier>
				<caption>
					<langstring>Módulo 7</langstring>
				</caption>
			</term>
			<term>
				<termIdentifier>9.12.8</termIdentifier>
				<caption>
					<langstring>Módulo 8</langstring>
				</caption>
			</term>
			<term>
				<termIdentifier>9.12.9</termIdentifier>
				<caption>
					<langstring>Módulo 9</langstring>
				</caption>
			</term>
		</term>
		<term>
			<termIdentifier>9.13</termIdentifier>
			<caption>
				<langstring>Ciclo formativo grado medio a distancia</langstring>
			</caption>
			<term>
				<termIdentifier>9.13.1</termIdentifier>
				<caption>
					<langstring>Primer curso</langstring>
				</caption>
			</term>
			<term>
				<termIdentifier>9.13.2</termIdentifier>
				<caption>
					<langstring>Segundo curso</langstring>
				</caption>
			</term>
		</term>
		<term>
			<termIdentifier>9.14</termIdentifier>
			<caption>
				<langstring>Ciclo formativo grado superior a distancia</langstring>
			</caption>
			<term>
				<termIdentifier>9.14.1</termIdentifier>
				<caption>
					<langstring>Primer curso</langstring>
				</caption>
			</term>
			<term>
				<termIdentifier>9.14.2</termIdentifier>
				<caption>
					<langstring>Segundo curso</langstring>
				</caption>
			</term>
		</term>
		<term>
			<termIdentifier>9.15</termIdentifier>
			<caption>
				<langstring>Aulas MENTOR</langstring>
			</caption>
		</term>
	</term>
	<term>
		<termIdentifier>10</termIdentifier>
		<caption>
			<langstring>Enseñanzas de Régimen Especial</langstring>
		</caption>
		<term>
			<termIdentifier>10.1</termIdentifier>
			<caption>
				<langstring>Escuela oficial de idiomas</langstring>
			</caption>
			<term>
				<termIdentifier>10.1.1</termIdentifier>
				<caption>
					<langstring>Nivel básico</langstring>
				</caption>
				<term>
					<termIdentifier>10.1.1.1</termIdentifier>
					<caption>
						<langstring>Primer curso</langstring>
					</caption>
				</term>
				<term>
					<termIdentifier>10.1.1.2</termIdentifier>
					<caption>
						<langstring>Segundo curso</langstring>
					</caption>
				</term>
			</term>
			<term>
				<termIdentifier>10.1.2</termIdentifier>
				<caption>
					<langstring>Nivel intermedio</langstring>
				</caption>
				<term>
					<termIdentifier>10.1.2.1</termIdentifier>
					<caption>
						<langstring>Tercer curso</langstring>
					</caption>
				</term>
				<term>
					<termIdentifier>10.1.2.2</termIdentifier>
					<caption>
						<langstring>Cuarto curso</langstring>
					</caption>
				</term>
			</term>
			<term>
				<termIdentifier>10.1.3</termIdentifier>
				<caption>
					<langstring>Nivel avanzado</langstring>
				</caption>
				<term>
					<termIdentifier>10.1.3.1</termIdentifier>
					<caption>
						<langstring>Quinto curso</langstring>
					</caption>
				</term>
				<term>
					<termIdentifier>10.1.3.2</termIdentifier>
					<caption>
						<langstring>Sexto curso</langstring>
					</caption>
				</term>
			</term>
		</term>
		<term>
			<termIdentifier>10.2</termIdentifier>
			<caption>
				<langstring>Enseñanzas artísticas</langstring>
			</caption>
			<term>
				<termIdentifier>10.2.1</termIdentifier>
				<caption>
					<langstring>Enseñanzas de artes plásticas y diseño</langstring>
				</caption>
				<term>
					<termIdentifier>10.2.1.1</termIdentifier>
					<caption>
						<langstring>Ciclo formativo de grado medio</langstring>
					</caption>
					<term>
						<termIdentifier>10.2.1.1.1</termIdentifier>
						<caption>
							<langstring>Primer curso</langstring>
						</caption>
					</term>
					<term>
						<termIdentifier>10.2.1.1.2</termIdentifier>
						<caption>
							<langstring>Segundo curso</langstring>
						</caption>
					</term>
				</term>
				<term>
					<termIdentifier>10.2.1.2</termIdentifier>
					<caption>
						<langstring>Ciclo formativo de grado superior</langstring>
					</caption>
					<term>
						<termIdentifier>10.2.1.2.1</termIdentifier>
						<caption>
							<langstring>Primer curso</langstring>
						</caption>
					</term>
					<term>
						<termIdentifier>10.2.1.2.2</termIdentifier>
						<caption>
							<langstring>Segundo curso</langstring>
						</caption>
					</term>
				</term>
			</term>
			<term>
				<termIdentifier>10.2.2</termIdentifier>
				<caption>
					<langstring>Estudios superiores de artes plásticas y diseño</langstring>
				</caption>
				<term>
					<termIdentifier>10.2.2.1</termIdentifier>
					<caption>
						<langstring>Primer curso</langstring>
					</caption>
				</term>
				<term>
					<termIdentifier>10.2.2.2</termIdentifier>
					<caption>
						<langstring>Segundo curso</langstring>
					</caption>
				</term>
				<term>
					<termIdentifier>10.2.2.3</termIdentifier>
					<caption>
						<langstring>Tercer curso</langstring>
					</caption>
				</term>
			</term>
			<term>
				<termIdentifier>10.2.3</termIdentifier>
				<caption>
					<langstring>Enseñanzas de música</langstring>
				</caption>
				<term>
					<termIdentifier>10.2.3.1</termIdentifier>
					<caption>
						<langstring>Grado elemental</langstring>
					</caption>
					<term>
						<termIdentifier>10.2.3.1.1</termIdentifier>
						<caption>
							<langstring>Primer curso</langstring>
						</caption>
					</term>
					<term>
						<termIdentifier>10.2.3.1.2</termIdentifier>
						<caption>
							<langstring>Segundo curso</langstring>
						</caption>
					</term>
					<term>
						<termIdentifier>10.2.3.1.3</termIdentifier>
						<caption>
							<langstring>Tercer curso</langstring>
						</caption>
					</term>
					<term>
						<termIdentifier>10.2.3.1.4</termIdentifier>
						<caption>
							<langstring>Cuarto curso</langstring>
						</caption>
					</term>
				</term>
				<term>
					<termIdentifier>10.2.3.2</termIdentifier>
					<caption>
						<langstring>Grado medio</langstring>
					</caption>
					<term>
						<termIdentifier>10.2.3.2.1</termIdentifier>
						<caption>
							<langstring>Primer ciclo</langstring>
						</caption>
						<term>
							<termIdentifier>10.2.3.2.1.1</termIdentifier>
							<caption>
								<langstring>Primer curso</langstring>
							</caption>
						</term>
						<term>
							<termIdentifier>10.2.3.2.1.2</termIdentifier>
							<caption>
								<langstring>Segundo curso</langstring>
							</caption>
						</term>
					</term>
					<term>
						<termIdentifier>10.2.3.2.2</termIdentifier>
						<caption>
							<langstring>Segundo ciclo</langstring>
						</caption>
						<term>
							<termIdentifier>10.2.3.2.2.1</termIdentifier>
							<caption>
								<langstring>Tercer curso</langstring>
							</caption>
						</term>
						<term>
							<termIdentifier>10.2.3.2.2.2</termIdentifier>
							<caption>
								<langstring>Cuarto curso</langstring>
							</caption>
						</term>
					</term>
					<term>
						<termIdentifier>10.2.3.2.3</termIdentifier>
						<caption>
							<langstring>Tercer ciclo</langstring>
						</caption>
						<term>
							<termIdentifier>10.2.3.2.3.1</termIdentifier>
							<caption>
								<langstring>Quinto curso</langstring>
							</caption>
						</term>
						<term>
							<termIdentifier>10.2.3.2.3.2</termIdentifier>
							<caption>
								<langstring>Sexto curso</langstring>
							</caption>
						</term>
					</term>
				</term>
				<term>
					<termIdentifier>10.2.3.3</termIdentifier>
					<caption>
						<langstring>Grado superior</langstring>
					</caption>
					<term>
						<termIdentifier>10.2.3.3.1</termIdentifier>
						<caption>
							<langstring>Primer curso</langstring>
						</caption>
					</term>
					<term>
						<termIdentifier>10.2.3.3.2</termIdentifier>
						<caption>
							<langstring>Segundo curso</langstring>
						</caption>
					</term>
					<term>
						<termIdentifier>10.2.3.3.3</termIdentifier>
						<caption>
							<langstring>Tercer curso</langstring>
						</caption>
					</term>
					<term>
						<termIdentifier>10.2.3.3.4</termIdentifier>
						<caption>
							<langstring>Cuarto curso</langstring>
						</caption>
					</term>
					<term>
						<termIdentifier>10.2.3.3.5</termIdentifier>
						<caption>
							<langstring>Quinto curso</langstring>
						</caption>
					</term>
				</term>
			</term>
			<term>
				<termIdentifier>10.2.4</termIdentifier>
				<caption>
					<langstring>Enseñanzas de danza</langstring>
				</caption>
				<term>
					<termIdentifier>10.2.4.1</termIdentifier>
					<caption>
						<langstring>Grado elemental</langstring>
					</caption>
					<term>
						<termIdentifier>10.2.4.1.1</termIdentifier>
						<caption>
							<langstring>Primer curso</langstring>
						</caption>
					</term>
					<term>
						<termIdentifier>10.2.4.1.2</termIdentifier>
						<caption>
							<langstring>Segundo curso</langstring>
						</caption>
					</term>
					<term>
						<termIdentifier>10.2.4.1.3</termIdentifier>
						<caption>
							<langstring>Tercer curso</langstring>
						</caption>
					</term>
					<term>
						<termIdentifier>10.2.4.1.4</termIdentifier>
						<caption>
							<langstring>Cuarto curso</langstring>
						</caption>
					</term>
				</term>
				<term>
					<termIdentifier>10.2.4.2</termIdentifier>
					<caption>
						<langstring>Grado medio</langstring>
					</caption>
					<term>
						<termIdentifier>10.2.4.2.1</termIdentifier>
						<caption>
							<langstring>Primer ciclo</langstring>
						</caption>
						<term>
							<termIdentifier>10.2.4.2.1.1</termIdentifier>
							<caption>
								<langstring>Primer curso</langstring>
							</caption>
						</term>
						<term>
							<termIdentifier>10.2.4.2.1.2</termIdentifier>
							<caption>
								<langstring>Segundo curso</langstring>
							</caption>
						</term>
					</term>
					<term>
						<termIdentifier>10.2.4.2.2</termIdentifier>
						<caption>
							<langstring>Segundo ciclo</langstring>
						</caption>
						<term>
							<termIdentifier>10.2.4.2.2.1</termIdentifier>
							<caption>
								<langstring>Tercer curso</langstring>
							</caption>
						</term>
						<term>
							<termIdentifier>10.2.4.2.2.2</termIdentifier>
							<caption>
								<langstring>Cuarto curso</langstring>
							</caption>
						</term>
					</term>
					<term>
						<termIdentifier>10.2.4.2.3</termIdentifier>
						<caption>
							<langstring>Tercer ciclo</langstring>
						</caption>
						<term>
							<termIdentifier>10.2.4.2.3.1</termIdentifier>
							<caption>
								<langstring>Quinto curso</langstring>
							</caption>
						</term>
						<term>
							<termIdentifier>10.2.4.2.3.2</termIdentifier>
							<caption>
								<langstring>Sexto curso</langstring>
							</caption>
						</term>
					</term>
				</term>
				<term>
					<termIdentifier>10.2.4.3</termIdentifier>
					<caption>
						<langstring>Grado superior</langstring>
					</caption>
					<term>
						<termIdentifier>10.2.4.3.1</termIdentifier>
						<caption>
							<langstring>Primer curso</langstring>
						</caption>
					</term>
					<term>
						<termIdentifier>10.2.4.3.2</termIdentifier>
						<caption>
							<langstring>Segundo curso</langstring>
						</caption>
					</term>
					<term>
						<termIdentifier>10.2.4.3.3</termIdentifier>
						<caption>
							<langstring>Tercer curso</langstring>
						</caption>
					</term>
					<term>
						<termIdentifier>10.2.4.3.4</termIdentifier>
						<caption>
							<langstring>Cuarto curso</langstring>
						</caption>
					</term>
				</term>
			</term>
			<term>
				<termIdentifier>10.2.5</termIdentifier>
				<caption>
					<langstring>Enseñanzas de arte dramático</langstring>
				</caption>
				<term>
					<termIdentifier>10.2.5.1</termIdentifier>
					<caption>
						<langstring>Grado superior</langstring>
					</caption>
					<term>
						<termIdentifier>10.2.5.1.1</termIdentifier>
						<caption>
							<langstring>Primer curso</langstring>
						</caption>
					</term>
					<term>
						<termIdentifier>10.2.5.1.2</termIdentifier>
						<caption>
							<langstring>Segundo curso</langstring>
						</caption>
					</term>
					<term>
						<termIdentifier>10.2.5.1.3</termIdentifier>
						<caption>
							<langstring>Tercer curso</langstring>
						</caption>
					</term>
					<term>
						<termIdentifier>10.2.5.1.4</termIdentifier>
						<caption>
							<langstring>Cuarto curso</langstring>
						</caption>
					</term>
				</term>
			</term>
		</term>
		<term>
			<termIdentifier>10.3</termIdentifier>
			<caption>
				<langstring>Enseñanzas deportivas</langstring>
			</caption>
			<term>
				<termIdentifier>10.3.1</termIdentifier>
				<caption>
					<langstring>Grado medio técnico deportivo</langstring>
				</caption>
			</term>
			<term>
				<termIdentifier>10.3.2</termIdentifier>
				<caption>
					<langstring>Grado superior técnico deportivo</langstring>
				</caption>
			</term>
		</term>
	</term>
	<term>
		<termIdentifier>11</termIdentifier>
		<caption>
			<langstring>Enseñanzas Universitarias</langstring>
		</caption>
	</term>
	<term>
		<termIdentifier>12</termIdentifier>
		<caption>
			<langstring>Programas Educativos Específicos</langstring>
		</caption>
	</term>
</vdex>
