<?xml version="1.0" encoding="UTF-8"?>
<vdex orderSignificant="true" profileType="hierarchicalTokenTerms" language="en" xsi:schemaLocation="http://www.imsglobal.org/xsd/imsvdexv1p0 imsvdex_v1p0.xsd" xmlns="http://www.imsglobal.org/xsd/imsvdex_v1p0" xmlns:xsi="http://www.w3.org/2001/XMLSchema-instance">
	<vocabName>
		<langstring>Accesibilitat</langstring>
	</vocabName>
	<term>
		<termIdentifier>1</termIdentifier>
		<caption>
			<langstring>DECLARATION OF ACCESS MODE TO NEXT LEVEL</langstring>
		</caption>
		<term>
			<termIdentifier>1.1</termIdentifier>
			<caption>
				<langstring>Information presentation mode in the access</langstring>
			</caption>
			<term>
				<termIdentifier>1.1.1</termIdentifier>
				<caption>
					<langstring>Auditory</langstring>
				</caption>
				<term>
					<termIdentifier>1.1.1.1</termIdentifier>
					<caption>
						<langstring>Information</langstring>
					</caption>
				</term>
				<term>
					<termIdentifier>1.1.1.2</termIdentifier>
					<caption>
						<langstring>Decorative</langstring>
					</caption>
				</term>
				<term>
					<termIdentifier>1.1.1.3</termIdentifier>
					<caption>
						<langstring>Motivational</langstring>
					</caption>
				</term>
			</term>
			<term>
				<termIdentifier>1.1.2</termIdentifier>
				<caption>
					<langstring>Tactile</langstring>
				</caption>
				<term>
					<termIdentifier>1.1.2.1</termIdentifier>
					<caption>
						<langstring>Information</langstring>
					</caption>
				</term>
				<term>
					<termIdentifier>1.1.2.2</termIdentifier>
					<caption>
						<langstring>Decorative</langstring>
					</caption>
				</term>
				<term>
					<termIdentifier>1.1.2.3</termIdentifier>
					<caption>
						<langstring>Motivational</langstring>
					</caption>
				</term>
			</term>
			<term>
				<termIdentifier>1.1.3</termIdentifier>
				<caption>
					<langstring>Textual</langstring>
				</caption>
				<term>
					<termIdentifier>1.1.3.1</termIdentifier>
					<caption>
						<langstring>Information</langstring>
					</caption>
				</term>
				<term>
					<termIdentifier>1.1.3.2</termIdentifier>
					<caption>
						<langstring>Decorative</langstring>
					</caption>
				</term>
				<term>
					<termIdentifier>1.1.3.3</termIdentifier>
					<caption>
						<langstring>Motivational</langstring>
					</caption>
				</term>
			</term>
			<term>
				<termIdentifier>1.1.4</termIdentifier>
				<caption>
					<langstring>Visual</langstring>
				</caption>
				<term>
					<termIdentifier>1.1.4.1</termIdentifier>
					<caption>
						<langstring>Information</langstring>
					</caption>
				</term>
				<term>
					<termIdentifier>1.1.4.2</termIdentifier>
					<caption>
						<langstring>Decorative</langstring>
					</caption>
				</term>
				<term>
					<termIdentifier>1.1.4.3</termIdentifier>
					<caption>
						<langstring>Motivational</langstring>
					</caption>
				</term>
			</term>
		</term>
		<term>
			<termIdentifier>1.2</termIdentifier>
			<caption>
				<langstring>Interaction mode for the access</langstring>
			</caption>
			<term>
				<termIdentifier>1.2.1</termIdentifier>
				<caption>
					<langstring>Keyboard</langstring>
				</caption>
			</term>
			<term>
				<termIdentifier>1.2.2</termIdentifier>
				<caption>
					<langstring>Mouse or other pointing devices</langstring>
				</caption>
			</term>
			<term>
				<termIdentifier>1.2.3</termIdentifier>
				<caption>
					<langstring>Voice recognition</langstring>
				</caption>
			</term>
		</term>
	</term>
	<term>
		<termIdentifier>2</termIdentifier>
		<caption>
			<langstring>DECLARATION OF INTERACTION MODE FOR LEARNING ACTIVITY </langstring>
		</caption>
		<term>
			<termIdentifier>2.1</termIdentifier>
			<caption>
				<langstring> Information presentation mode in the object</langstring>
			</caption>
			<term>
				<termIdentifier>2.1.1</termIdentifier>
				<caption>
					<langstring>Auditory</langstring>
				</caption>
				<term>
					<termIdentifier>2.1.1.1</termIdentifier>
					<caption>
						<langstring>Information</langstring>
					</caption>
				</term>
				<term>
					<termIdentifier>2.1.1.2</termIdentifier>
					<caption>
						<langstring>Decorative</langstring>
					</caption>
				</term>
				<term>
					<termIdentifier>2.1.1.3</termIdentifier>
					<caption>
						<langstring>Motivational</langstring>
					</caption>
				</term>
			</term>
			<term>
				<termIdentifier>2.1.2</termIdentifier>
				<caption>
					<langstring>Tactile</langstring>
				</caption>
				<term>
					<termIdentifier>2.1.2.1</termIdentifier>
					<caption>
						<langstring>Information</langstring>
					</caption>
				</term>
				<term>
					<termIdentifier>2.1.2.2</termIdentifier>
					<caption>
						<langstring>Decorative</langstring>
					</caption>
				</term>
				<term>
					<termIdentifier>2.1.2.3</termIdentifier>
					<caption>
						<langstring>Motivational</langstring>
					</caption>
				</term>
			</term>
			<term>
				<termIdentifier>2.1.3</termIdentifier>
				<caption>
					<langstring>Textual</langstring>
				</caption>
				<term>
					<termIdentifier>2.1.3.1</termIdentifier>
					<caption>
						<langstring>Information</langstring>
					</caption>
				</term>
				<term>
					<termIdentifier>2.1.3.2</termIdentifier>
					<caption>
						<langstring>Decorative</langstring>
					</caption>
				</term>
				<term>
					<termIdentifier>2.1.3.3</termIdentifier>
					<caption>
						<langstring>Motivational</langstring>
					</caption>
				</term>
			</term>
			<term>
				<termIdentifier>2.1.4</termIdentifier>
				<caption>
					<langstring>Visual</langstring>
				</caption>
				<term>
					<termIdentifier>2.1.4.1</termIdentifier>
					<caption>
						<langstring>Information</langstring>
					</caption>
				</term>
				<term>
					<termIdentifier>2.1.4.2</termIdentifier>
					<caption>
						<langstring>Decorative</langstring>
					</caption>
				</term>
				<term>
					<termIdentifier>2.1.4.3</termIdentifier>
					<caption>
						<langstring>Motivational</langstring>
					</caption>
				</term>
			</term>
		</term>
		<term>
			<termIdentifier>2.2</termIdentifier>
			<caption>
				<langstring>Does it allow flexible control</langstring>
			</caption>
			<term>
				<termIdentifier>2.2.1</termIdentifier>
				<caption>
					<langstring>Yes</langstring>
				</caption>
			</term>
			<term>
				<termIdentifier>2.2.2</termIdentifier>
				<caption>
					<langstring>No</langstring>
				</caption>
			</term>
		</term>
		<term>
			<termIdentifier>2.3</termIdentifier>
			<caption>
				<langstring>Interaction modes in the activity</langstring>
			</caption>
			<term>
				<termIdentifier>2.3.1</termIdentifier>
				<caption>
					<langstring>Total control with keyboard</langstring>
				</caption>
			</term>
			<term>
				<termIdentifier>2.3.2</termIdentifier>
				<caption>
					<langstring>Total control with mouse or other pointing devices</langstring>
				</caption>
			</term>
			<term>
				<termIdentifier>2.3.3</termIdentifier>
				<caption>
					<langstring>Total control with voice recognition</langstring>
				</caption>
			</term>
		</term>
	</term>
	<term>
		<termIdentifier>3</termIdentifier>
		<caption>
			<langstring>DOES IT WORK IN FULL SCREEN</langstring>
		</caption>
		<term>
			<termIdentifier>3.1</termIdentifier>
			<caption>
				<langstring>Yes</langstring>
			</caption>
		</term>
		<term>
			<termIdentifier>3.2</termIdentifier>
			<caption>
				<langstring>No</langstring>
			</caption>
		</term>
	</term>
	<term>
		<termIdentifier>4</termIdentifier>
		<caption>
			<langstring>RESOLUTION OF NATIVE SCREEN</langstring>
		</caption>
		<term>
			<termIdentifier>4.1</termIdentifier>
			<caption>
				<langstring>800x600</langstring>
			</caption>
		</term>
		<term>
			<termIdentifier>4.2</termIdentifier>
			<caption>
				<langstring>1024x768</langstring>
			</caption>
		</term>
	</term>
	<term>
		<termIdentifier>5</termIdentifier>
		<caption>
			<langstring>DOES IT ALLOW RESOLUTION CHANGE WITH CONTENT ADJUSTMENT</langstring>
		</caption>
		<term>
			<termIdentifier>5.1</termIdentifier>
			<caption>
				<langstring>It works with autoadjustment</langstring>
			</caption>
		</term>
		<term>
			<termIdentifier>5.2</termIdentifier>
			<caption>
				<langstring>It allows change from 800x600 to 1024 x768</langstring>
			</caption>
		</term>
		<term>
			<termIdentifier>5.3</termIdentifier>
			<caption>
				<langstring> It allows change from 1024x768 to 800x600</langstring>
			</caption>
		</term>
	</term>
	<term>
		<termIdentifier>6</termIdentifier>
		<caption>
			<langstring>DOES IT ALLOW VISUALIZATION ADAPTATION</langstring>
		</caption>
		<term>
			<termIdentifier>6.1</termIdentifier>
			<caption>
				<langstring>Yes</langstring>
			</caption>
		</term>
		<term>
			<termIdentifier>6.2</termIdentifier>
			<caption>
				<langstring>No</langstring>
			</caption>
		</term>
	</term>
	<term>
		<termIdentifier>7</termIdentifier>
		<caption>
			<langstring>ADAPTABLE VISUALIZATION</langstring>
		</caption>
		<term>
			<termIdentifier>7.1</termIdentifier>
			<caption>
				<langstring>Text size</langstring>
			</caption>
		</term>
		<term>
			<termIdentifier>7.2</termIdentifier>
			<caption>
				<langstring>Font</langstring>
			</caption>
		</term>
		<term>
			<termIdentifier>7.3</termIdentifier>
			<caption>
				<langstring>Font colour</langstring>
			</caption>
		</term>
		<term>
			<termIdentifier>7.4</termIdentifier>
			<caption>
				<langstring>Background colour</langstring>
			</caption>
		</term>
		<term>
			<termIdentifier>7.5</termIdentifier>
			<caption>
				<langstring>Cursor format</langstring>
			</caption>
		</term>
		<term>
			<termIdentifier>7.6</termIdentifier>
			<caption>
				<langstring>Selection format</langstring>
			</caption>
		</term>
		<term>
			<termIdentifier>7.7</termIdentifier>
			<caption>
				<langstring>Template style</langstring>
			</caption>
		</term>
		<term>
			<termIdentifier>7.8</termIdentifier>
			<caption>
				<langstring>Presentation structure</langstring>
			</caption>
		</term>
		<term>
			<termIdentifier>7.9</termIdentifier>
			<caption>
				<langstring>Image treatment</langstring>
			</caption>
		</term>
		<term>
			<termIdentifier>7.10</termIdentifier>
			<caption>
				<langstring>Image contrast</langstring>
			</caption>
		</term>
	</term>
	<term>
		<termIdentifier>8</termIdentifier>
		<caption>
			<langstring>ADAPTABILITY DECLARATION</langstring>
		</caption>
		<term>
			<termIdentifier>8.1</termIdentifier>
			<caption>
				<langstring>Adaptation type</langstring>
			</caption>
			<term>
				<termIdentifier>8.1.1</termIdentifier>
				<caption>
					<langstring>Audio-description</langstring>
				</caption>
			</term>
			<term>
				<termIdentifier>8.1.2</termIdentifier>
				<caption>
					<langstring>Extended audio-description</langstring>
				</caption>
			</term>
			<term>
				<termIdentifier>8.1.3</termIdentifier>
				<caption>
					<langstring>Full transcription</langstring>
				</caption>
			</term>
			<term>
				<termIdentifier>8.1.4</termIdentifier>
				<caption>
					<langstring>Tactile representation</langstring>
				</caption>
			</term>
			<term>
				<termIdentifier>8.1.5</termIdentifier>
				<caption>
					<langstring>Textual representació</langstring>
				</caption>
			</term>
			<term>
				<termIdentifier>8.1.6</termIdentifier>
				<caption>
					<langstring>Visual representation</langstring>
				</caption>
			</term>
			<term>
				<termIdentifier>8.1.7</termIdentifier>
				<caption>
					<langstring>Subtitles</langstring>
				</caption>
			</term>
			<term>
				<termIdentifier>8.1.8</termIdentifier>
				<caption>
					<langstring>Subtitles for deaf</langstring>
				</caption>
			</term>
			<term>
				<termIdentifier>8.1.9</termIdentifier>
				<caption>
					<langstring>Sign language</langstring>
				</caption>
			</term>
		</term>
	</term>
	<term>
		<termIdentifier>9</termIdentifier>
		<caption>
			<langstring>DOES IT HAVE EXECUTION TIME</langstring>
		</caption>
		<term>
			<termIdentifier>9.1</termIdentifier>
			<caption>
				<langstring>Yes</langstring>
			</caption>
		</term>
		<term>
			<termIdentifier>9.2</termIdentifier>
			<caption>
				<langstring>No</langstring>
			</caption>
		</term>
	</term>
	<term>
		<termIdentifier>10</termIdentifier>
		<caption>
			<langstring>TYPE OF EXECUTION METER</langstring>
		</caption>
		<term>
			<termIdentifier>10.1</termIdentifier>
			<caption>
				<langstring>Forward modifiable</langstring>
			</caption>
		</term>
		<term>
			<termIdentifier>10.2</termIdentifier>
			<caption>
				<langstring>Forward non-modifiable </langstring>
			</caption>
		</term>
		<term>
			<termIdentifier>10.3</termIdentifier>
			<caption>
				<langstring>Backward modifiable</langstring>
			</caption>
		</term>
		<term>
			<termIdentifier>10.4</termIdentifier>
			<caption>
				<langstring> Backward non-modifiable</langstring>
			</caption>
		</term>
	</term>
</vdex>
